index,label,split
0,0,train
1,0,val
2,0,train
3,0,train
4,0,test
5,0,train
6,0,train
7,0,train
8,0,train
9,0,train
10,0,train
11,0,train
12,0,train
13,0,test
14,0,test
15,0,train
16,0,train
17,0,train
18,0,val
19,0,train
20,0,test
21,0,test
22,0,train
23,0,train
24,0,train
25,0,train
26,0,train
27,0,test
28,0,train
29,0,val
30,0,train
31,0,train
32,0,test
33,0,train
34,0,test
35,0,test
36,0,train
37,0,train
38,0,train
39,0,train
40,0,test
41,0,train
42,0,train
43,0,train
44,0,val
45,0,train
46,0,train
47,0,test
48,0,train
49,0,val
50,0,train
51,0,train
52,0,test
53,0,train
54,0,train
55,0,train
56,0,train
57,0,val
58,0,train
59,0,train
60,0,train
61,0,train
62,0,test
63,0,train
64,0,test
65,0,train
66,0,train
67,0,val
68,0,train
69,0,train
70,0,train
71,0,train
72,0,val
73,0,train
74,0,train
75,0,train
76,0,train
77,0,train
78,0,train
79,0,train
80,0,train
81,0,val
82,0,train
83,0,train
84,0,train
85,0,train
86,0,train
87,0,test
88,0,train
89,0,val
90,0,train
91,0,test
92,0,train
93,0,train
94,0,val
95,0,test
96,0,val
97,0,train
98,0,test
99,0,train
100,0,train
101,0,train
102,0,val
103,0,train
104,0,val
105,0,train
106,0,val
107,0,train
108,0,val
109,0,train
110,0,train
111,0,train
112,0,val
113,0,train
114,0,train
115,0,train
116,0,train
117,0,train
118,0,val
119,0,train
120,0,train
121,0,test
122,0,train
123,0,val
124,0,train
125,0,train
126,0,train
127,0,train
128,0,test
129,0,train
130,0,test
131,0,train
132,0,train
133,0,train
134,0,test
135,0,train
136,0,train
137,0,train
138,0,test
139,0,train
140,0,train
141,0,train
142,0,train
143,0,train
144,0,train
145,0,train
146,0,train
147,0,train
148,0,train
149,0,train
150,0,val
151,0,train
152,0,train
153,0,train
154,0,train
155,0,train
156,0,test
157,0,train
158,0,train
159,0,test
160,0,train
161,0,test
162,0,train
163,0,train
164,0,train
165,0,train
166,0,test
167,0,train
168,0,val
169,0,train
170,0,test
171,0,train
172,0,train
173,0,val
174,0,train
175,0,train
176,0,train
177,0,val
178,0,train
179,0,train
180,0,train
181,0,train
182,0,train
183,0,train
184,0,train
185,0,val
186,0,train
187,0,test
188,0,train
189,0,test
190,0,train
191,0,train
192,0,train
193,0,train
194,0,val
195,0,train
196,0,train
197,0,train
198,0,val
199,0,train
200,0,test
201,0,test
202,0,train
203,0,train
204,0,train
205,0,test
206,0,test
207,0,train
208,0,train
209,0,val
210,0,train
211,0,val
212,0,train
213,0,train
214,0,train
215,0,train
216,0,test
217,0,test
218,0,train
219,0,train
220,0,train
221,0,train
222,0,val
223,0,train
224,0,train
225,0,train
226,0,train
227,0,train
228,0,train
229,0,train
230,0,test
231,0,train
232,0,train
233,0,train
234,0,train
235,0,train
236,0,val
237,0,train
238,0,train
239,0,train
240,0,test
241,0,test
242,0,train
243,0,train
244,0,train
245,0,train
246,0,train
247,0,train
248,0,train
249,0,train
250,0,train
251,0,test
252,0,test
253,0,train
254,0,train
255,0,train
256,0,train
257,0,train
258,0,train
259,0,train
260,0,train
261,0,train
262,0,train
263,0,train
264,0,train
265,0,val
266,0,train
267,0,val
268,0,train
269,0,test
270,0,test
271,0,train
272,0,train
273,0,train
274,0,train
275,0,train
276,0,test
277,0,val
278,0,train
279,0,train
280,0,train
281,0,train
282,0,train
283,0,train
284,0,train
285,0,train
286,0,train
287,0,train
288,0,test
289,0,train
290,0,train
291,0,train
292,0,train
293,0,train
294,0,train
295,0,test
296,0,val
297,0,train
298,0,val
299,0,train
300,0,train
301,0,train
302,0,train
303,0,train
304,0,train
305,0,train
306,0,train
307,0,train
308,0,train
309,0,val
310,0,val
311,0,val
312,0,train
313,0,train
314,0,train
315,0,test
316,0,train
317,0,val
318,0,train
319,0,train
320,0,val
321,0,train
322,0,train
323,0,train
324,0,train
325,0,train
326,0,train
327,0,val
328,0,train
329,0,train
330,0,test
331,0,train
332,0,train
333,0,train
334,0,train
335,0,train
336,0,train
337,0,test
338,0,train
339,0,val
340,0,train
341,0,val
342,0,val
343,0,test
344,0,train
345,0,train
346,0,train
347,0,train
348,0,train
349,0,train
350,0,val
351,0,train
352,0,train
353,0,val
354,0,train
355,0,train
356,0,train
357,0,train
358,0,train
359,0,val
360,0,val
361,0,train
362,0,train
363,0,val
364,0,train
365,0,val
366,0,train
367,0,train
368,0,train
369,0,train
370,0,train
371,0,train
372,0,train
373,0,train
374,0,train
375,0,train
376,0,val
377,0,val
378,0,test
379,0,test
380,0,val
381,0,train
382,0,train
383,0,train
384,0,train
385,0,test
386,0,train
387,0,test
388,0,train
389,0,train
390,0,val
391,0,test
392,0,test
393,0,train
394,0,train
395,0,train
396,0,train
397,0,test
398,0,train
399,0,train
400,0,train
401,0,test
402,0,val
403,0,val
404,0,train
405,0,train
406,0,test
407,0,train
408,0,val
409,0,train
410,0,train
411,0,val
412,0,train
413,0,val
414,0,train
415,0,train
416,0,train
417,0,train
418,0,test
419,0,train
420,0,val
421,0,val
422,0,train
423,0,train
424,0,train
425,0,train
426,0,train
427,0,train
428,0,train
429,0,train
430,0,val
431,0,train
432,0,train
433,0,val
434,0,train
435,0,train
436,0,train
437,0,train
438,0,val
439,0,train
440,0,train
441,0,train
442,0,train
443,0,val
444,0,train
445,0,train
446,0,train
447,0,train
448,0,train
449,0,train
450,0,train
451,0,train
452,0,train
453,0,train
454,0,train
455,0,test
456,0,train
457,0,train
458,0,train
459,0,test
460,0,test
461,0,test
462,0,train
463,0,train
464,0,train
465,0,train
466,0,test
467,0,train
468,0,train
469,0,train
470,0,train
471,0,test
472,0,train
473,0,train
474,0,test
475,0,train
476,0,train
477,0,train
478,0,val
479,0,train
480,0,train
481,0,train
482,0,train
483,0,train
484,0,test
485,0,val
486,0,train
487,0,train
488,0,train
489,0,test
490,0,train
491,0,train
492,0,test
493,0,train
494,0,train
495,0,train
496,0,val
497,0,train
498,0,test
499,0,train
500,0,train
501,0,train
502,0,test
503,0,train
504,0,train
505,0,train
506,0,train
507,0,train
508,0,test
509,0,train
510,0,test
511,0,train
512,0,train
513,0,train
514,0,val
515,0,train
516,0,train
517,0,train
518,0,train
519,0,train
520,0,test
521,0,train
522,0,train
523,0,train
524,0,test
525,0,train
526,0,train
527,0,train
528,0,train
529,0,train
530,0,train
531,0,val
532,0,train
533,0,train
534,0,train
535,0,train
536,0,train
537,0,val
538,0,train
539,0,val
540,0,test
541,0,train
542,0,train
543,0,train
544,0,train
545,0,train
546,0,test
547,0,train
548,0,train
549,0,train
550,0,train
551,0,train
552,0,val
553,0,test
554,0,val
555,0,val
556,0,train
557,0,train
558,0,train
559,0,val
560,0,train
561,0,val
562,0,test
563,0,test
564,0,test
565,0,test
566,0,train
567,0,val
568,0,train
569,0,val
570,0,train
571,0,train
572,0,train
573,0,test
574,0,test
575,0,train
576,0,val
577,0,train
578,0,train
579,0,val
580,0,train
581,0,train
582,0,train
583,0,train
584,0,train
585,0,val
586,0,train
587,0,train
588,0,train
589,0,train
590,0,train
591,0,train
592,0,test
593,0,train
594,0,train
595,0,train
596,0,val
597,0,train
598,0,train
599,0,val
600,0,test
601,0,val
602,0,train
603,0,train
604,0,train
605,0,val
606,0,train
607,0,train
608,0,train
609,0,val
610,0,train
611,0,train
612,0,test
613,0,val
614,0,train
615,0,train
616,0,train
617,0,train
618,0,train
619,0,val
620,0,train
621,0,train
622,0,train
623,0,train
624,0,train
625,0,train
626,0,train
627,0,train
628,0,val
629,0,val
630,0,train
631,0,train
632,0,train
633,0,train
634,0,train
635,0,train
636,0,train
637,0,train
638,0,val
639,0,train
640,0,train
641,0,train
642,0,test
643,0,train
644,0,train
645,0,train
646,0,test
647,0,test
648,0,train
649,0,val
650,0,train
651,0,train
652,0,val
653,0,train
654,0,test
655,0,train
656,0,train
657,0,train
658,0,train
659,0,train
660,0,train
661,0,val
662,0,train
663,0,val
664,0,train
665,0,val
666,0,train
667,0,train
668,0,train
669,0,train
670,0,train
671,0,train
672,0,val
673,0,train
674,0,test
675,0,val
676,0,val
677,0,train
678,0,train
679,0,train
680,0,train
681,0,train
682,0,train
683,0,test
684,0,train
685,0,train
686,0,test
687,0,val
688,0,train
689,0,train
690,0,test
691,0,train
692,0,train
693,0,train
694,0,train
695,0,train
696,0,val
697,0,train
698,0,train
699,0,test
700,0,train
701,0,test
702,0,test
703,0,train
704,0,train
705,0,train
706,0,train
707,0,val
708,0,train
709,0,train
710,0,train
711,0,train
712,0,train
713,0,val
714,0,train
715,0,val
716,0,val
717,0,train
718,0,val
719,0,test
720,0,train
721,0,train
722,0,train
723,0,train
724,0,test
725,0,test
726,0,test
727,0,test
728,0,train
729,0,test
730,0,val
731,0,val
732,0,train
733,0,test
734,0,train
735,0,train
736,0,train
737,0,train
738,0,test
739,0,val
740,0,train
741,0,val
742,0,test
743,0,train
744,0,train
745,0,train
746,0,val
747,0,test
748,0,test
749,0,val
750,0,train
751,0,train
752,0,train
753,0,train
754,0,train
755,0,train
756,0,train
757,0,train
758,0,train
759,0,train
760,0,train
761,0,train
762,0,val
763,0,test
764,0,train
765,0,val
766,0,test
767,0,val
768,0,test
769,0,test
770,0,train
771,0,val
772,0,test
773,0,train
774,0,train
775,0,test
776,0,test
777,0,train
778,0,train
779,0,test
780,0,val
781,0,train
782,0,train
783,0,train
784,0,train
785,0,val
786,0,train
787,0,train
788,0,train
789,0,train
790,0,train
791,0,test
792,0,train
793,0,train
794,0,test
795,0,train
796,0,train
797,0,train
798,0,train
799,0,train
800,0,train
801,0,val
802,0,train
803,0,val
804,0,test
805,0,test
806,0,val
807,0,val
808,0,train
809,0,val
810,0,train
811,0,val
812,0,test
813,0,train
814,0,train
815,0,test
816,0,val
817,0,val
818,0,train
819,0,train
820,0,train
821,0,train
822,0,train
823,0,train
824,0,train
825,0,train
826,0,train
827,0,train
828,0,train
829,0,train
830,0,train
831,0,test
832,0,train
833,0,train
834,0,train
835,0,train
836,0,train
837,0,val
838,0,test
839,0,test
840,0,test
841,0,train
842,0,train
843,0,train
844,0,train
845,0,train
846,0,val
847,0,train
848,0,train
849,0,train
850,0,train
851,0,train
852,0,train
853,0,val
854,0,train
855,0,train
856,0,test
857,0,test
858,0,val
859,0,train
860,0,test
861,0,train
862,0,test
863,0,test
864,0,val
865,0,train
866,0,train
867,0,train
868,0,train
869,0,train
870,0,test
871,0,test
872,0,train
873,0,train
874,0,train
875,0,train
876,0,train
877,0,val
878,0,test
879,0,train
880,0,train
881,0,val
882,0,train
883,0,train
884,0,train
885,0,val
886,0,train
887,0,train
888,0,train
889,0,train
890,0,train
891,0,test
892,0,train
893,0,train
894,0,train
895,0,val
896,0,train
897,0,test
898,0,train
899,0,test
900,0,train
901,0,train
902,0,train
903,0,train
904,0,train
905,0,train
906,0,train
907,0,val
908,0,train
909,0,train
910,0,train
911,0,train
912,0,train
913,0,val
914,0,train
915,0,train
916,0,train
917,0,train
918,0,train
919,0,train
920,0,train
921,0,test
922,0,val
923,0,train
924,0,train
925,0,train
926,0,val
927,0,val
928,0,train
929,0,test
930,0,train
931,0,train
932,0,train
933,0,train
934,0,train
935,0,val
936,0,train
937,0,train
938,0,train
939,0,val
940,0,val
941,0,val
942,0,test
943,0,train
944,0,train
945,0,train
946,0,train
947,0,train
948,0,train
949,0,train
950,0,train
951,0,train
952,0,train
953,0,train
954,0,train
955,0,test
956,0,train
957,0,test
958,0,val
959,0,train
960,0,train
961,0,val
962,0,train
963,0,train
964,0,train
965,0,train
966,0,test
967,0,test
968,0,train
969,0,train
970,0,train
971,0,train
972,0,train
973,0,train
974,0,train
975,0,test
976,0,train
977,0,test
978,0,val
979,0,train
980,0,train
981,0,train
982,0,train
983,0,train
984,0,val
985,0,train
986,0,val
987,0,train
988,0,train
989,0,train
990,0,train
991,0,val
992,0,train
993,0,train
994,0,val
995,0,test
996,0,train
997,0,train
998,0,test
999,0,train
1000,0,test
1001,0,val
1002,0,train
1003,0,train
1004,0,train
1005,0,train
1006,0,train
1007,0,train
1008,0,train
1009,0,val
1010,0,train
1011,0,test
1012,0,train
1013,0,train
1014,0,train
1015,0,train
1016,0,test
1017,0,val
1018,0,train
1019,0,test
1020,0,train
1021,0,test
1022,0,train
1023,0,train
1024,0,train
1025,0,test
1026,0,val
1027,0,train
1028,0,train
1029,0,train
1030,0,train
1031,0,train
1032,0,train
1033,0,train
1034,0,train
1035,0,train
1036,0,train
1037,0,train
1038,0,train
1039,0,train
1040,0,train
1041,0,train
1042,0,val
1043,0,train
1044,0,test
1045,0,train
1046,0,train
1047,0,val
1048,0,train
1049,0,train
1050,0,train
1051,0,train
1052,0,train
1053,0,train
1054,0,train
1055,0,train
1056,0,test
1057,0,val
1058,0,train
1059,0,train
1060,0,train
1061,0,train
1062,0,test
1063,0,train
1064,0,train
1065,0,train
1066,0,val
1067,0,train
1068,0,test
1069,0,train
1070,0,train
1071,0,test
1072,0,val
1073,0,train
1074,0,test
1075,0,train
1076,0,train
1077,0,train
1078,0,train
1079,0,train
1080,0,val
1081,1,train
1082,1,train
1083,1,train
1084,1,test
1085,1,val
1086,1,train
1087,1,test
1088,1,val
1089,1,train
1090,1,train
1091,1,test
1092,1,train
1093,1,train
1094,1,train
1095,1,train
1096,1,train
1097,1,val
1098,1,test
1099,1,val
1100,1,train
1101,1,train
1102,1,train
1103,1,test
1104,1,train
1105,1,test
1106,1,train
1107,1,train
1108,1,train
1109,1,test
1110,1,train
1111,1,train
1112,1,test
1113,1,train
1114,1,val
1115,1,train
1116,1,train
1117,1,train
1118,1,train
1119,1,train
1120,1,train
1121,1,val
1122,1,test
1123,1,train
1124,1,train
1125,1,train
1126,1,train
1127,1,train
1128,1,train
1129,1,train
1130,1,train
1131,1,test
1132,1,train
1133,1,train
1134,1,train
1135,1,test
1136,1,val
1137,1,train
1138,1,train
1139,1,test
1140,1,train
1141,1,val
1142,1,train
1143,1,test
1144,1,train
1145,1,train
1146,1,val
1147,1,train
1148,1,train
1149,1,test
1150,1,train
1151,1,val
1152,1,train
1153,1,train
1154,1,val
1155,1,test
1156,1,val
1157,1,val
1158,1,train
1159,1,val
1160,1,train
1161,1,train
1162,1,test
1163,1,train
1164,1,train
1165,1,train
1166,1,train
1167,1,test
1168,1,train
1169,1,train
1170,1,train
1171,1,train
1172,1,train
1173,1,val
1174,1,train
1175,1,test
1176,1,test
1177,1,val
1178,1,train
1179,1,train
1180,1,val
1181,1,train
1182,1,val
1183,1,train
1184,1,train
1185,1,train
1186,1,train
1187,1,train
1188,1,train
1189,1,train
1190,1,val
1191,1,train
1192,1,train
1193,1,train
1194,1,test
1195,1,train
1196,1,train
1197,1,test
1198,1,train
1199,1,train
1200,1,train
1201,1,train
1202,1,train
1203,1,train
1204,1,train
1205,1,train
1206,1,train
1207,1,test
1208,1,test
1209,1,train
1210,1,test
1211,1,train
1212,1,val
1213,1,train
1214,1,val
1215,1,val
1216,1,train
1217,1,train
1218,1,train
1219,1,train
1220,1,train
1221,1,test
1222,1,train
1223,1,train
1224,1,train
1225,1,train
1226,1,val
1227,1,test
1228,1,test
1229,1,train
1230,1,train
1231,1,test
1232,1,val
1233,1,train
1234,1,val
1235,1,train
1236,1,test
1237,1,val
1238,1,train
1239,1,val
1240,1,train
1241,1,val
1242,1,test
1243,1,train
1244,1,train
1245,1,test
1246,1,train
1247,1,train
1248,1,train
1249,1,train
1250,1,train
1251,1,train
1252,1,train
1253,1,train
1254,1,train
1255,1,val
1256,1,train
1257,1,test
1258,1,val
1259,1,train
1260,1,train
1261,1,train
1262,1,test
1263,1,train
1264,1,val
1265,1,val
1266,1,train
1267,1,train
1268,1,val
1269,1,train
1270,1,train
1271,1,val
1272,1,train
1273,1,val
1274,1,test
1275,1,train
1276,1,train
1277,1,train
1278,1,val
1279,1,train
1280,1,train
1281,1,train
1282,1,test
1283,1,train
1284,1,val
1285,1,train
1286,1,train
1287,1,train
1288,1,train
1289,1,train
1290,1,train
1291,1,train
1292,1,train
1293,1,train
1294,1,train
1295,1,test
1296,1,train
1297,1,train
1298,1,test
1299,1,train
1300,1,val
1301,1,train
1302,1,train
1303,1,train
1304,1,train
1305,1,train
1306,1,train
1307,1,val
1308,1,train
1309,1,train
1310,1,train
1311,1,train
1312,1,train
1313,1,train
1314,1,train
1315,1,val
1316,1,val
1317,1,test
1318,1,train
1319,1,train
1320,1,train
1321,1,train
1322,1,train
1323,1,train
1324,1,test
1325,1,train
1326,1,train
1327,1,train
1328,1,train
1329,1,train
1330,1,train
1331,1,val
1332,1,train
1333,1,train
1334,1,train
1335,1,train
1336,1,val
1337,1,train
1338,1,train
1339,1,train
1340,1,train
1341,1,test
1342,1,train
1343,1,train
1344,1,train
1345,1,val
1346,1,train
1347,1,train
1348,1,train
1349,1,val
1350,1,val
1351,1,train
1352,1,val
1353,1,train
1354,1,train
1355,1,train
1356,1,train
1357,1,train
1358,1,train
1359,1,val
1360,1,train
1361,1,train
1362,1,val
1363,1,train
1364,1,val
1365,1,test
1366,1,test
1367,1,train
1368,1,train
1369,1,train
1370,1,train
1371,1,train
1372,1,train
1373,1,train
1374,1,train
1375,1,train
1376,1,train
1377,1,train
1378,1,train
1379,1,train
1380,1,train
1381,1,train
1382,1,test
1383,1,val
1384,1,train
1385,1,train
1386,1,val
1387,1,train
1388,1,train
1389,1,train
1390,1,train
1391,1,train
1392,1,train
1393,1,test
1394,1,train
1395,1,train
1396,1,val
1397,1,val
1398,1,train
1399,1,train
1400,1,train
1401,1,val
1402,1,val
1403,1,train
1404,1,train
1405,1,val
1406,1,train
1407,1,test
1408,1,test
1409,1,train
1410,1,test
1411,1,train
1412,1,train
1413,1,train
1414,1,train
1415,1,train
1416,1,train
1417,1,train
1418,1,train
1419,1,val
1420,1,train
1421,1,train
1422,1,test
1423,1,train
1424,1,train
1425,1,train
1426,1,test
1427,1,test
1428,1,train
1429,1,train
1430,1,train
1431,1,train
1432,1,train
1433,1,val
1434,1,val
1435,1,train
1436,1,test
1437,1,train
1438,1,train
1439,1,val
1440,1,train
1441,1,train
1442,1,train
1443,1,test
1444,1,val
1445,1,train
1446,1,train
1447,1,train
1448,1,train
1449,1,val
1450,1,train
1451,1,test
1452,1,train
1453,1,train
1454,1,train
1455,1,train
1456,1,train
1457,1,train
1458,1,train
1459,1,val
1460,1,train
1461,1,train
1462,1,train
1463,1,train
1464,1,train
1465,1,train
1466,1,test
1467,1,train
1468,1,train
1469,1,train
1470,1,train
1471,1,val
1472,1,train
1473,1,val
1474,1,train
1475,1,train
1476,1,test
1477,1,train
1478,1,train
1479,1,train
1480,1,val
1481,1,train
1482,1,train
1483,1,train
1484,1,train
1485,1,val
1486,1,train
1487,1,train
1488,1,train
1489,1,train
1490,1,train
1491,1,val
1492,1,val
1493,1,train
1494,1,train
1495,1,train
1496,1,train
1497,1,train
1498,1,test
1499,1,train
1500,1,test
1501,1,train
1502,1,train
1503,1,train
1504,1,train
1505,1,train
1506,1,train
1507,1,train
1508,1,train
1509,1,test
1510,1,train
1511,1,train
1512,1,train
1513,1,train
1514,1,train
1515,1,test
1516,1,val
1517,1,train
1518,1,train
1519,1,train
1520,1,train
1521,1,train
1522,1,test
1523,1,test
1524,1,train
1525,1,train
1526,1,train
1527,1,val
1528,1,train
1529,1,train
1530,1,train
1531,1,train
1532,1,test
1533,1,train
1534,1,val
1535,1,train
1536,1,train
1537,1,train
1538,1,train
1539,1,train
1540,1,train
1541,1,train
1542,1,train
1543,1,train
1544,1,train
1545,1,train
1546,1,train
1547,1,train
1548,1,train
1549,1,test
1550,1,train
1551,1,test
1552,1,val
1553,1,train
1554,1,train
1555,1,test
1556,1,test
1557,1,val
1558,1,train
1559,1,train
1560,1,train
1561,1,train
1562,1,train
1563,1,train
1564,1,train
1565,1,train
1566,1,train
1567,1,train
1568,1,val
1569,1,train
1570,1,train
1571,1,test
1572,1,train
1573,1,train
1574,1,test
1575,1,train
1576,1,val
1577,1,val
1578,1,train
1579,1,train
1580,1,val
1581,1,train
1582,1,test
1583,1,train
1584,1,val
1585,1,val
1586,1,train
1587,1,val
1588,1,train
1589,1,val
1590,1,train
1591,1,val
1592,1,train
1593,1,train
1594,1,test
1595,1,train
1596,1,val
1597,1,train
1598,1,train
1599,1,train
1600,1,val
1601,1,test
1602,1,train
1603,1,train
1604,1,train
1605,1,train
1606,1,test
1607,1,train
1608,1,train
1609,1,train
1610,1,train
1611,1,train
1612,1,train
1613,1,train
1614,1,train
1615,1,train
1616,1,val
1617,1,test
1618,1,train
1619,1,train
1620,1,train
1621,1,train
1622,1,train
1623,1,train
1624,1,train
1625,1,train
1626,1,val
1627,1,train
1628,1,train
1629,1,train
1630,1,test
1631,1,train
1632,1,test
1633,1,val
1634,1,train
1635,1,val
1636,1,train
1637,1,train
1638,1,train
1639,1,val
1640,1,train
1641,1,test
1642,1,val
1643,1,train
1644,1,train
1645,1,train
1646,1,train
1647,1,test
1648,1,train
1649,1,train
1650,1,train
1651,1,train
1652,1,train
1653,1,train
1654,1,train
1655,1,test
1656,1,val
1657,1,train
1658,1,train
1659,1,test
1660,1,val
1661,1,train
1662,1,train
1663,1,train
1664,1,train
1665,1,train
1666,1,train
1667,1,train
1668,1,train
1669,1,train
1670,1,test
1671,1,val
1672,1,train
1673,1,test
1674,1,train
1675,1,train
1676,1,val
1677,1,train
1678,1,val
1679,1,train
1680,1,train
1681,1,val
1682,1,train
1683,1,train
1684,1,test
1685,1,val
1686,1,train
1687,1,train
1688,1,train
1689,1,train
1690,1,test
1691,1,train
1692,1,train
1693,1,train
1694,1,train
1695,1,train
1696,1,val
1697,1,train
1698,1,train
1699,1,train
1700,1,train
1701,1,val
1702,1,train
1703,1,train
1704,1,val
1705,1,train
1706,1,train
1707,1,test
1708,1,val
1709,1,train
1710,1,val
1711,1,train
1712,1,test
1713,1,val
1714,1,train
1715,1,train
1716,1,val
1717,1,train
1718,1,train
1719,1,train
1720,1,test
1721,1,train
1722,1,val
1723,1,train
1724,1,train
1725,1,train
1726,1,train
1727,1,train
1728,1,val
1729,1,train
1730,1,train
1731,1,train
1732,1,train
1733,1,val
1734,1,train
1735,1,train
1736,1,train
1737,1,train
1738,1,val
1739,1,train
1740,1,train
1741,1,test
1742,1,test
1743,1,train
1744,1,test
1745,1,val
1746,1,test
1747,1,train
1748,1,train
1749,1,train
1750,1,test
1751,1,train
1752,1,train
1753,1,train
1754,1,train
1755,1,val
1756,1,train
1757,1,train
1758,1,train
1759,1,train
1760,1,train
1761,1,train
1762,1,train
1763,1,test
1764,1,train
1765,1,train
1766,1,train
1767,1,train
1768,1,val
1769,1,test
1770,1,train
1771,1,train
1772,1,train
1773,1,train
1774,1,train
1775,1,train
1776,1,train
1777,1,val
1778,1,train
1779,1,train
1780,1,test
1781,1,val
1782,1,val
1783,1,val
1784,1,train
1785,1,train
1786,1,val
1787,1,test
1788,1,train
1789,1,test
1790,1,test
1791,1,train
1792,1,test
1793,1,train
1794,1,test
1795,1,train
1796,1,train
1797,1,val
1798,1,train
1799,1,train
1800,1,train
1801,1,test
1802,1,val
1803,1,test
1804,1,train
1805,1,train
1806,1,val
1807,1,train
1808,1,val
1809,1,train
1810,1,train
1811,1,train
1812,1,train
1813,1,train
1814,1,train
1815,1,test
1816,1,test
1817,1,val
1818,1,train
1819,1,train
1820,1,train
1821,1,train
1822,1,train
1823,1,train
1824,1,train
1825,1,train
1826,1,test
1827,1,train
1828,1,train
1829,1,train
1830,1,train
1831,1,train
1832,1,train
1833,1,train
1834,1,train
1835,1,test
1836,1,train
1837,1,val
1838,1,train
1839,1,test
1840,1,train
1841,1,test
1842,1,train
1843,1,test
1844,1,train
1845,1,train
1846,1,train
1847,1,train
1848,1,train
1849,1,test
1850,1,val
1851,1,train
1852,1,train
1853,1,train
1854,1,train
1855,1,test
1856,1,train
1857,1,train
1858,1,test
1859,1,test
1860,1,val
1861,1,train
1862,1,train
1863,1,train
1864,1,train
1865,1,train
1866,1,train
1867,1,val
1868,1,train
1869,1,train
1870,1,train
1871,1,train
1872,1,train
1873,1,val
1874,1,test
1875,1,train
1876,1,val
1877,1,train
1878,1,train
1879,1,train
1880,1,test
1881,1,val
1882,1,train
1883,1,train
1884,1,train
1885,1,test
1886,1,train
1887,1,train
1888,1,train
1889,1,train
1890,1,val
1891,1,train
1892,1,train
1893,1,train
1894,1,test
1895,1,test
1896,1,train
1897,1,train
1898,1,train
1899,1,val
1900,1,train
1901,1,train
1902,1,train
1903,1,test
1904,1,val
1905,1,test
1906,1,train
1907,1,train
1908,1,test
1909,1,train
1910,1,train
1911,1,test
1912,1,train
1913,1,test
1914,1,train
1915,1,train
1916,1,train
1917,1,val
1918,1,test
1919,1,train
1920,1,train
1921,1,train
1922,1,train
1923,1,val
1924,1,test
1925,1,val
1926,1,val
1927,1,val
1928,1,val
1929,1,test
1930,1,train
1931,1,train
1932,1,train
1933,1,train
1934,1,test
1935,1,train
1936,1,train
1937,1,train
1938,1,train
1939,1,train
1940,1,train
1941,1,train
1942,1,train
1943,1,train
1944,1,train
1945,1,train
1946,1,train
1947,1,train
1948,1,train
1949,1,train
1950,1,train
1951,1,train
1952,1,test
1953,1,train
1954,1,train
1955,1,train
1956,1,test
1957,1,train
1958,1,train
1959,1,train
1960,1,val
1961,1,train
1962,1,train
1963,1,train
1964,1,train
1965,1,train
1966,1,train
1967,1,train
1968,1,test
1969,1,train
1970,1,val
1971,1,train
1972,1,train
1973,1,train
1974,1,train
1975,1,train
1976,1,train
1977,1,train
1978,1,train
1979,1,train
1980,1,train
1981,1,train
1982,1,train
1983,1,train
1984,1,train
1985,1,test
1986,1,train
1987,1,train
1988,1,val
1989,1,train
1990,1,test
1991,1,train
1992,1,train
1993,1,train
1994,1,train
1995,1,test
1996,1,train
1997,1,train
1998,1,train
1999,1,train
2000,1,val
2001,1,train
2002,1,train
2003,1,train
2004,1,train
2005,1,test
2006,1,val
2007,1,val
2008,1,train
2009,1,train
2010,1,val
2011,1,train
2012,1,train
2013,1,train
2014,1,test
2015,1,val
2016,1,test
2017,1,test
2018,1,train
2019,1,test
2020,1,test
2021,1,train
2022,1,train
2023,1,train
2024,1,test
2025,1,val
2026,1,train
2027,1,test
2028,1,train
2029,1,train
2030,1,train
2031,1,val
2032,1,test
2033,1,val
2034,1,val
2035,1,test
2036,1,val
2037,1,train
2038,1,test
2039,1,train
2040,1,train
2041,1,train
2042,1,train
2043,1,train
2044,1,train
2045,1,train
2046,1,train
2047,1,test
2048,1,train
2049,1,test
2050,1,train
2051,1,train
2052,1,train
2053,1,val
2054,1,val
2055,1,train
2056,1,val
2057,1,val
2058,1,train
2059,1,train
2060,1,train
2061,1,train
2062,1,train
2063,1,test
2064,1,val
2065,1,test
2066,1,val
2067,1,train
2068,1,test
2069,1,train
2070,1,test
2071,1,train
2072,1,train
2073,1,test
2074,1,train
2075,1,train
2076,1,train
2077,1,train
2078,1,train
2079,1,val
2080,1,train
2081,1,train
2082,1,val
2083,1,test
2084,1,test
2085,1,train
2086,1,train
2087,1,test
2088,1,test
2089,1,test
2090,1,test
2091,1,train
2092,1,train
2093,1,val
2094,1,test
2095,1,train
2096,1,train
2097,1,train
2098,1,train
2099,1,train
2100,1,train
2101,1,val
2102,1,train
2103,1,test
2104,1,train
2105,1,test
2106,1,train
2107,1,train
2108,1,train
2109,1,val
2110,1,train
2111,1,train
2112,1,test
2113,1,train
2114,1,train
2115,1,train
2116,1,train
2117,1,train
2118,1,train
2119,1,train
2120,1,train
2121,1,train
2122,1,train
2123,1,test
2124,1,train
2125,1,val
2126,1,train
2127,1,train
2128,1,train
2129,1,train
2130,1,train
2131,1,val
2132,1,train
2133,1,test
2134,1,train
2135,1,val
2136,1,train
2137,1,val
2138,1,train
2139,1,train
2140,1,train
2141,1,val
2142,1,train
2143,1,train
2144,1,train
2145,1,train
2146,1,train
2147,1,train
2148,1,train
2149,1,train
2150,1,train
2151,1,train
2152,1,val
2153,1,test
2154,1,train
2155,1,test
2156,1,train
2157,1,test
2158,1,test
2159,1,train
2160,1,train
2161,1,train
2162,1,train
2163,1,train
2164,1,train
2165,1,train
2166,1,train
2167,1,test
2168,1,train
2169,1,val
2170,1,train
2171,1,train
2172,1,train
2173,1,train
2174,1,train
2175,1,train
2176,1,train
2177,1,val
2178,1,train
2179,1,train
2180,1,train
2181,1,train
2182,1,test
2183,1,train
2184,1,train
2185,1,train
2186,1,train
2187,1,train
2188,1,test
2189,1,test
2190,1,val
2191,1,train
2192,1,test
2193,1,val
2194,1,train
2195,1,val
2196,1,train
2197,1,train
2198,1,train
2199,1,train
2200,1,train
2201,1,train
2202,1,val
2203,1,train
2204,1,train
2205,1,train
2206,1,train
2207,1,train
2208,1,train
2209,1,train
2210,1,test
2211,1,train
2212,1,val
2213,1,test
2214,1,train
2215,1,train
2216,1,train
2217,1,test
2218,1,train
2219,1,test
2220,1,train
2221,1,train
2222,1,train
2223,1,test
2224,1,test
2225,1,train
2226,1,train
2227,1,val
2228,1,train
2229,1,train
2230,1,train
2231,1,val
2232,1,train
2233,1,train
2234,1,train
2235,1,train
2236,1,train
2237,1,test
2238,1,test
2239,1,train
2240,1,train
2241,1,test
2242,1,val
2243,1,val
2244,1,train
2245,1,test
2246,1,val
2247,1,train
2248,1,test
2249,1,train
2250,1,test
2251,1,train
2252,1,train
2253,1,train
2254,1,train
2255,1,val
2256,1,train
2257,1,train
2258,1,train
2259,1,train
2260,1,val
2261,1,val
2262,1,test
2263,1,train
2264,1,val
2265,1,test
2266,1,train
2267,1,train
2268,1,train
2269,1,train
2270,1,train
2271,1,train
2272,1,train
2273,1,train
2274,1,train
2275,1,val
2276,1,train
2277,1,train
2278,1,train
2279,1,test
2280,1,val
2281,1,train
2282,1,test
2283,1,test
2284,1,test
2285,1,train
2286,1,test
2287,1,train
2288,1,train
2289,1,train
2290,1,train
2291,1,train
2292,1,train
2293,1,train
2294,1,train
2295,1,train
2296,1,train
2297,1,train
2298,1,train
2299,1,val
2300,1,train
2301,1,train
2302,1,train
2303,1,val
2304,1,train
2305,1,test
2306,1,train
2307,1,train
2308,1,train
2309,1,val
2310,1,train
2311,1,train
2312,1,train
2313,1,test
2314,1,test
2315,1,train
2316,1,train
2317,1,train
2318,1,train
2319,1,train
2320,1,val
2321,1,train
2322,1,train
2323,1,train
2324,1,train
2325,1,train
2326,1,test
2327,1,train
2328,1,train
2329,1,train
2330,1,test
2331,1,train
2332,1,train
2333,1,test
2334,1,train
2335,1,train
2336,1,val
2337,1,val
2338,1,train
2339,1,test
2340,1,train
2341,1,train
2342,1,train
2343,1,test
2344,1,train
2345,1,train
2346,1,val
2347,1,train
2348,1,train
2349,1,train
2350,1,train
2351,1,train
2352,1,train
2353,1,val
2354,1,val
2355,1,train
2356,1,train
2357,1,train
2358,1,test
2359,1,train
2360,1,test
2361,1,train
2362,1,train
2363,1,train
2364,1,train
2365,1,train
2366,1,train
2367,1,train
2368,1,test
2369,1,val
2370,1,train
2371,1,train
2372,1,train
2373,1,train
2374,1,train
2375,1,train
2376,1,train
2377,1,val
2378,1,train
2379,1,train
2380,1,train
2381,1,val
2382,1,test
2383,1,val
2384,1,test
2385,1,test
2386,1,val
2387,1,test
2388,1,train
2389,1,test
2390,1,train
2391,1,train
2392,1,test
2393,1,train
2394,1,train
2395,1,train
2396,1,test
2397,1,val
2398,1,val
2399,1,val
2400,1,test
2401,1,test
2402,1,train
2403,1,val
2404,1,train
2405,1,train
2406,1,train
2407,1,train
2408,1,val
2409,1,test
2410,1,train
2411,1,train
2412,1,val
2413,1,test
2414,1,train
2415,1,train
2416,1,train
2417,1,train
2418,1,train
2419,1,train
2420,1,train
2421,1,train
2422,1,test
2423,1,train
2424,1,val
2425,1,train
2426,1,val
2427,1,train
2428,1,test
2429,1,train
2430,1,train
2431,1,train
2432,1,train
2433,1,val
2434,1,train
2435,1,val
2436,1,train
2437,1,train
2438,1,train
2439,1,train
2440,1,train
2441,1,train
2442,1,train
2443,1,train
2444,1,train
2445,1,train
2446,1,train
2447,1,val
2448,1,train
2449,1,train
2450,1,test
2451,1,train
2452,1,train
2453,1,test
2454,1,train
2455,1,train
2456,1,train
2457,1,train
2458,1,train
2459,1,train
2460,1,train
2461,1,train
2462,1,train
2463,1,test
2464,1,test
2465,1,test
2466,1,train
2467,1,train
2468,1,test
2469,1,train
2470,1,train
2471,1,train
2472,1,train
2473,1,val
2474,1,train
2475,1,test
2476,1,train
2477,1,val
2478,1,train
2479,1,train
2480,1,train
2481,1,train
2482,1,test
2483,1,train
2484,1,test
2485,1,test
2486,1,train
2487,1,train
2488,1,train
2489,1,train
2490,1,test
2491,1,train
2492,1,train
2493,1,val
2494,1,val
2495,1,test
2496,1,val
2497,1,train
2498,1,train
2499,1,val
2500,1,train
2501,1,train
2502,1,train
2503,1,train
2504,1,train
2505,1,train
2506,1,val
2507,1,train
2508,1,val
2509,1,test
2510,1,train
2511,1,test
2512,1,train
2513,1,train
2514,1,train
2515,1,test
2516,1,train
2517,1,train
2518,1,val
2519,1,train
2520,1,train
2521,1,train
2522,1,test
2523,1,train
2524,1,val
2525,1,train
2526,1,train
2527,1,train
2528,1,test
2529,1,train
2530,1,val
2531,1,train
2532,1,train
2533,1,val
2534,1,train
2535,1,test
2536,1,train
2537,1,train
2538,1,train
2539,1,train
2540,1,test
2541,1,train
2542,1,val
2543,1,train
2544,1,train
2545,1,val
2546,1,train
2547,1,train
2548,1,train
2549,1,train
2550,1,train
2551,1,train
2552,1,train
2553,1,train
2554,1,train
2555,1,train
2556,1,train
2557,1,train
2558,1,train
2559,1,train
2560,1,val
2561,1,train
2562,1,test
2563,1,train
2564,1,test
2565,1,train
2566,1,test
2567,1,train
2568,1,train
2569,1,train
2570,1,train
2571,1,train
2572,1,train
2573,1,test
2574,1,train
2575,1,train
2576,1,train
2577,1,train
2578,1,val
2579,1,train
2580,1,test
2581,1,test
2582,1,val
2583,1,train
2584,1,train
2585,1,train
2586,1,train
2587,1,val
2588,1,train
2589,1,val
2590,1,train
2591,1,train
2592,1,train
2593,1,train
2594,1,train
2595,1,train
2596,1,train
2597,1,train
2598,1,train
2599,1,train
2600,1,train
2601,1,train
2602,1,val
2603,1,train
2604,1,test
2605,1,test
2606,1,train
2607,1,train
2608,1,train
2609,1,val
2610,1,test
2611,1,train
2612,1,train
2613,1,train
2614,1,train
2615,1,train
2616,1,train
2617,1,train
2618,1,train
2619,1,train
2620,1,train
2621,1,val
2622,1,val
2623,1,train
2624,1,train
2625,1,train
2626,1,train
2627,1,test
2628,1,val
2629,1,val
2630,1,train
2631,1,train
2632,1,train
2633,1,test
2634,1,train
2635,1,train
2636,1,test
2637,1,train
2638,1,train
2639,1,train
2640,1,val
2641,1,train
2642,1,val
2643,1,train
2644,1,train
2645,1,train
2646,1,val
2647,1,train
2648,1,train
2649,1,train
2650,1,train
2651,1,train
2652,1,test
2653,1,train
2654,1,train
2655,1,train
2656,1,train
2657,1,train
2658,1,train
2659,1,train
2660,1,train
2661,1,train
2662,1,train
2663,1,train
2664,1,val
2665,1,train
2666,1,train
2667,1,val
2668,1,train
2669,1,val
2670,1,train
2671,1,val
2672,1,train
2673,1,train
2674,1,train
2675,1,train
2676,1,train
2677,1,val
2678,1,train
2679,1,val
2680,1,train
2681,1,train
2682,1,test
2683,1,train
2684,1,train
2685,1,train
2686,1,train
2687,1,train
2688,1,val
2689,1,train
2690,1,train
2691,1,train
2692,1,train
2693,1,train
2694,1,train
2695,1,train
2696,1,train
2697,1,train
2698,1,train
2699,1,test
2700,1,train
2701,1,train
2702,1,train
2703,1,train
2704,1,train
2705,1,train
2706,1,test
2707,1,train
2708,1,test
2709,1,train
2710,1,train
2711,1,train
2712,1,train
2713,1,test
2714,1,train
2715,1,train
2716,1,train
2717,1,test
2718,1,train
2719,1,train
2720,1,test
2721,1,train
2722,1,train
2723,1,train
2724,1,train
2725,1,train
2726,1,test
2727,1,test
2728,1,train
2729,1,train
2730,1,train
2731,1,val
2732,1,test
2733,1,train
2734,1,test
2735,1,train
2736,1,train
2737,1,train
2738,1,train
2739,1,train
2740,1,train
2741,1,train
2742,1,train
2743,1,train
2744,1,val
2745,1,train
2746,1,train
2747,1,test
2748,1,test
2749,1,train
2750,1,train
2751,1,train
2752,1,train
2753,1,train
2754,1,train
2755,1,train
2756,1,val
2757,1,train
2758,1,val
2759,1,train
2760,1,train
2761,1,train
2762,1,train
2763,1,train
2764,1,test
2765,1,train
2766,1,train
2767,1,train
2768,1,train
2769,1,train
2770,1,test
2771,1,train
2772,1,test
2773,1,train
2774,1,train
2775,1,train
2776,1,val
2777,1,train
2778,1,train
2779,1,train
2780,1,train
2781,1,train
2782,1,train
2783,1,train
2784,1,train
2785,1,val
2786,1,val
2787,1,train
2788,1,train
2789,1,test
2790,1,train
2791,1,train
2792,1,val
2793,1,train
2794,1,train
2795,1,train
2796,1,train
2797,1,val
2798,1,train
2799,1,train
2800,1,train
2801,1,train
2802,1,train
2803,1,val
2804,1,train
2805,1,test
2806,1,train
2807,1,train
2808,1,train
2809,1,val
2810,1,val
2811,1,train
2812,1,train
2813,1,val
2814,1,val
2815,1,train
2816,1,train
2817,1,train
2818,1,train
2819,1,train
2820,1,train
2821,1,train
2822,1,test
2823,1,train
2824,1,train
2825,1,train
2826,1,test
2827,1,val
2828,1,train
2829,1,train
2830,1,test
2831,1,train
2832,1,train
2833,1,train
2834,1,train
2835,1,train
2836,1,train
2837,1,train
2838,1,val
2839,1,train
2840,1,val
2841,1,train
2842,1,val
2843,1,train
2844,1,val
2845,1,val
2846,1,train
2847,1,test
2848,1,train
2849,1,train
2850,1,val
2851,1,train
2852,1,train
2853,1,test
2854,1,train
2855,1,test
2856,1,val
2857,1,train
2858,1,val
2859,1,train
2860,1,train
2861,1,train
2862,1,train
2863,1,train
2864,1,train
2865,1,train
2866,1,train
2867,1,train
2868,1,train
2869,1,test
2870,1,train
2871,1,train
2872,1,val
2873,1,test
2874,1,train
2875,1,test
2876,1,train
2877,1,train
2878,1,val
2879,1,train
2880,1,val
2881,1,train
2882,1,train
2883,1,train
2884,1,train
2885,1,val
2886,1,train
2887,1,train
2888,1,train
2889,1,train
2890,1,train
2891,1,train
2892,1,train
2893,1,train
2894,1,train
2895,1,train
2896,1,train
2897,1,train
2898,1,val
2899,1,val
2900,1,val
2901,1,train
2902,1,train
2903,1,train
2904,1,test
2905,1,train
2906,1,test
2907,1,train
2908,1,train
2909,1,test
2910,1,train
2911,1,train
2912,1,train
2913,1,test
2914,1,train
2915,1,test
2916,1,train
2917,1,train
2918,1,train
2919,1,train
2920,1,train
2921,1,val
2922,1,train
2923,1,train
2924,1,train
2925,1,train
2926,1,train
2927,1,train
2928,1,train
2929,1,train
2930,1,train
2931,1,train
2932,1,train
2933,1,train
2934,2,test
2935,2,train
2936,2,train
2937,2,val
2938,2,train
2939,2,train
2940,2,test
2941,2,test
2942,2,val
2943,2,train
2944,2,val
2945,2,train
2946,2,train
2947,2,train
2948,2,train
2949,2,val
2950,2,train
2951,2,train
2952,2,test
2953,2,train
2954,2,val
2955,2,train
2956,2,train
2957,2,train
2958,2,val
2959,2,train
2960,2,train
2961,2,val
2962,2,train
2963,2,train
2964,2,val
2965,2,train
2966,2,train
2967,2,train
2968,2,train
2969,2,train
2970,2,val
2971,2,train
2972,2,train
2973,2,test
2974,2,test
2975,2,train
2976,2,train
2977,2,train
2978,2,train
2979,2,train
2980,2,train
2981,2,val
2982,2,test
2983,2,train
2984,2,train
2985,2,train
2986,2,train
2987,2,val
2988,2,train
2989,2,train
2990,2,train
2991,2,train
2992,2,train
2993,2,train
2994,2,train
2995,2,val
2996,2,val
2997,2,train
2998,2,train
2999,2,train
3000,2,train
3001,2,test
3002,2,train
3003,2,train
3004,2,train
3005,2,train
3006,2,train
3007,2,val
3008,2,train
3009,2,train
3010,2,train
3011,2,train
3012,2,train
3013,2,val
3014,2,train
3015,2,train
3016,2,test
3017,2,train
3018,2,train
3019,2,val
3020,2,val
3021,2,train
3022,2,val
3023,2,train
3024,2,train
3025,2,train
3026,2,train
3027,2,train
3028,2,train
3029,2,train
3030,2,val
3031,2,train
3032,2,train
3033,2,val
3034,2,train
3035,2,train
3036,2,train
3037,2,train
3038,2,test
3039,2,val
3040,2,train
3041,2,train
3042,2,train
3043,2,val
3044,2,train
3045,2,train
3046,2,train
3047,2,train
3048,2,train
3049,2,train
3050,2,val
3051,2,train
3052,2,train
3053,2,train
3054,2,train
3055,2,train
3056,2,val
3057,2,test
3058,2,train
3059,2,train
3060,2,train
3061,2,train
3062,2,val
3063,2,train
3064,2,train
3065,2,test
3066,2,train
3067,2,val
3068,2,train
3069,2,train
3070,2,train
3071,2,val
3072,2,val
3073,2,train
3074,2,train
3075,2,test
3076,2,train
3077,2,train
3078,2,train
3079,2,val
3080,2,train
3081,2,val
3082,2,train
3083,2,train
3084,2,train
3085,2,train
3086,2,train
3087,2,test
3088,2,train
3089,2,test
3090,2,val
3091,2,train
3092,2,train
3093,2,train
3094,2,train
3095,2,train
3096,2,train
3097,2,train
3098,2,train
3099,2,train
3100,2,train
3101,2,train
3102,2,train
3103,2,train
3104,2,val
3105,2,train
3106,2,train
3107,2,test
3108,2,train
3109,2,train
3110,2,train
3111,2,val
3112,2,test
3113,2,train
3114,2,train
3115,2,train
3116,2,test
3117,2,train
3118,2,val
3119,2,train
3120,2,train
3121,2,train
3122,2,train
3123,2,test
3124,2,train
3125,2,train
3126,2,train
3127,2,test
3128,2,train
3129,2,train
3130,2,train
3131,2,val
3132,2,train
3133,2,train
3134,2,train
3135,2,test
3136,2,train
3137,2,train
3138,2,train
3139,2,val
3140,2,train
3141,2,train
3142,2,val
3143,2,test
3144,2,val
3145,2,train
3146,2,train
3147,2,train
3148,2,train
3149,2,train
3150,2,train
3151,2,train
3152,2,train
3153,2,train
3154,2,train
3155,2,val
3156,2,test
3157,2,train
3158,2,train
3159,2,train
3160,2,test
3161,2,train
3162,2,train
3163,2,val
3164,2,train
3165,2,train
3166,2,train
3167,2,train
3168,2,train
3169,2,val
3170,2,train
3171,2,train
3172,2,train
3173,2,train
3174,2,train
3175,2,train
3176,2,train
3177,2,train
3178,2,train
3179,2,train
3180,2,test
3181,2,train
3182,2,train
3183,2,train
3184,2,train
3185,2,train
3186,2,train
3187,2,train
3188,2,train
3189,2,train
3190,2,train
3191,2,train
3192,2,test
3193,2,train
3194,2,val
3195,2,test
3196,2,train
3197,2,train
3198,2,test
3199,2,val
3200,2,train
3201,2,test
3202,2,test
3203,2,test
3204,2,train
3205,2,val
3206,2,train
3207,2,val
3208,2,train
3209,2,train
3210,2,train
3211,2,train
3212,2,train
3213,2,train
3214,2,test
3215,2,train
3216,2,test
3217,2,train
3218,2,train
3219,2,test
3220,2,val
3221,2,train
3222,2,test
3223,2,train
3224,2,train
3225,2,train
3226,2,train
3227,2,train
3228,2,train
3229,2,val
3230,2,train
3231,2,train
3232,2,train
3233,2,train
3234,2,train
3235,2,train
3236,2,val
3237,2,train
3238,2,val
3239,2,train
3240,2,test
3241,2,train
3242,2,train
3243,2,val
3244,2,train
3245,2,val
3246,2,train
3247,2,train
3248,2,train
3249,2,train
3250,2,val
3251,2,test
3252,2,train
3253,2,val
3254,2,train
3255,2,train
3256,2,train
3257,2,train
3258,2,train
3259,2,train
3260,2,train
3261,2,train
3262,2,val
3263,2,train
3264,2,train
3265,2,test
3266,2,train
3267,2,train
3268,2,train
3269,2,train
3270,2,train
3271,2,test
3272,2,train
3273,2,train
3274,2,test
3275,2,train
3276,2,test
3277,2,train
3278,2,train
3279,2,val
3280,2,val
3281,2,val
3282,2,train
3283,2,train
3284,2,train
3285,2,train
3286,2,val
3287,2,train
3288,2,train
3289,2,train
3290,2,val
3291,2,train
3292,2,train
3293,2,test
3294,2,train
3295,2,test
3296,2,train
3297,2,train
3298,2,train
3299,2,train
3300,2,train
3301,2,train
3302,2,train
3303,2,train
3304,2,val
3305,2,train
3306,2,train
3307,2,train
3308,2,test
3309,2,train
3310,2,val
3311,2,train
3312,2,train
3313,2,train
3314,2,train
3315,2,train
3316,2,val
3317,2,train
3318,2,val
3319,2,train
3320,2,test
3321,2,train
3322,2,val
3323,2,val
3324,2,train
3325,2,val
3326,2,test
3327,2,train
3328,2,train
3329,2,train
3330,2,test
3331,2,test
3332,2,train
3333,2,train
3334,2,train
3335,2,train
3336,2,train
3337,2,test
3338,2,train
3339,2,test
3340,2,train
3341,2,train
3342,2,train
3343,2,train
3344,2,val
3345,2,train
3346,2,train
3347,2,train
3348,2,train
3349,2,train
3350,2,train
3351,2,train
3352,2,train
3353,2,test
3354,2,train
3355,2,train
3356,2,train
3357,2,test
3358,2,train
3359,2,train
3360,2,train
3361,2,train
3362,2,train
3363,2,train
3364,2,val
3365,2,train
3366,2,train
3367,2,train
3368,2,train
3369,2,train
3370,2,val
3371,2,train
3372,2,train
3373,2,train
3374,2,test
3375,2,test
3376,2,train
3377,2,train
3378,2,val
3379,2,train
3380,2,test
3381,2,val
3382,2,train
3383,2,train
3384,2,train
3385,2,train
3386,2,train
3387,2,train
3388,2,train
3389,2,test
3390,2,train
3391,2,train
3392,2,val
3393,2,test
3394,2,train
3395,2,train
3396,2,train
3397,2,train
3398,2,val
3399,2,train
3400,2,train
3401,2,test
3402,2,train
3403,2,train
3404,2,train
3405,2,train
3406,2,train
3407,2,val
3408,2,train
3409,2,test
3410,2,train
3411,2,val
3412,2,train
3413,2,train
3414,2,val
3415,2,test
3416,2,test
3417,2,val
3418,2,test
3419,2,train
3420,2,train
3421,2,train
3422,2,val
3423,2,val
3424,2,train
3425,2,train
3426,2,val
3427,2,test
3428,2,train
3429,2,val
3430,2,train
3431,2,train
3432,2,train
3433,2,train
3434,2,test
3435,2,val
3436,2,train
3437,2,train
3438,2,test
3439,2,train
3440,2,train
3441,2,train
3442,2,train
3443,2,val
3444,2,val
3445,2,train
3446,2,train
3447,2,train
3448,2,train
3449,2,train
3450,2,train
3451,2,val
3452,2,train
3453,2,test
3454,2,train
3455,2,train
3456,2,val
3457,2,train
3458,2,train
3459,2,train
3460,2,test
3461,2,train
3462,2,val
3463,2,train
3464,2,train
3465,2,train
3466,2,test
3467,2,train
3468,2,train
3469,2,train
3470,2,train
3471,2,train
3472,2,train
3473,2,val
3474,2,train
3475,2,val
3476,2,train
3477,2,train
3478,2,train
3479,2,train
3480,2,train
3481,2,train
3482,2,train
3483,2,val
3484,2,test
3485,2,train
3486,2,test
3487,2,train
3488,2,test
3489,2,val
3490,2,train
3491,2,train
3492,2,test
3493,2,val
3494,2,train
3495,2,val
3496,2,test
3497,2,train
3498,2,val
3499,2,train
3500,2,train
3501,2,train
3502,2,train
3503,2,val
3504,2,train
3505,2,train
3506,2,train
3507,2,test
3508,2,test
3509,2,train
3510,2,val
3511,2,train
3512,2,test
3513,2,train
3514,2,train
3515,2,train
3516,2,train
3517,2,test
3518,2,val
3519,2,train
3520,2,train
3521,2,test
3522,2,train
3523,2,train
3524,2,train
3525,2,val
3526,2,train
3527,2,test
3528,2,train
3529,2,test
3530,2,train
3531,2,val
3532,2,train
3533,2,train
3534,2,train
3535,2,test
3536,2,train
3537,2,train
3538,2,train
3539,2,train
3540,2,val
3541,2,train
3542,2,val
3543,2,train
3544,2,train
3545,2,train
3546,2,test
3547,2,val
3548,2,train
3549,2,train
3550,2,train
3551,2,train
3552,2,train
3553,2,train
3554,2,val
3555,2,train
3556,2,train
3557,2,train
3558,2,train
3559,2,val
3560,2,val
3561,2,train
3562,2,test
3563,2,train
3564,2,val
3565,2,train
3566,2,test
3567,2,train
3568,2,train
3569,2,train
3570,2,train
3571,2,train
3572,2,train
3573,2,test
3574,2,train
3575,2,train
3576,2,train
3577,2,train
3578,2,train
3579,2,test
3580,2,train
3581,2,train
3582,2,val
3583,2,train
3584,2,val
3585,2,val
3586,2,train
3587,2,train
3588,2,train
3589,2,train
3590,2,train
3591,2,val
3592,2,test
3593,2,train
3594,2,test
3595,2,test
3596,2,train
3597,2,train
3598,2,train
3599,2,train
3600,2,val
3601,2,train
3602,2,val
3603,2,test
3604,2,train
3605,2,train
3606,2,train
3607,2,train
3608,2,train
3609,2,train
3610,2,train
3611,2,train
3612,2,test
3613,2,val
3614,2,train
3615,2,train
3616,2,train
3617,2,train
3618,2,train
3619,2,train
3620,2,train
3621,2,test
3622,2,train
3623,2,train
3624,2,train
3625,2,train
3626,2,val
3627,2,train
3628,2,test
3629,2,train
3630,2,train
3631,2,val
3632,2,train
3633,2,val
3634,2,test
3635,2,train
3636,2,train
3637,2,test
3638,2,train
3639,2,train
3640,2,train
3641,2,train
3642,2,train
3643,2,train
3644,2,train
3645,2,train
3646,2,train
3647,2,train
3648,2,train
3649,2,train
3650,2,train
3651,2,train
3652,2,train
3653,2,train
3654,2,train
3655,2,train
3656,2,val
3657,2,test
3658,2,train
3659,2,train
3660,2,test
3661,2,test
3662,2,train
3663,2,test
3664,2,train
3665,2,train
3666,2,train
3667,2,train
3668,2,train
3669,2,train
3670,2,train
3671,2,train
3672,2,train
3673,2,val
3674,2,train
3675,2,train
3676,2,train
3677,2,train
3678,2,train
3679,2,train
3680,2,train
3681,2,train
3682,2,train
3683,2,train
3684,2,val
3685,2,train
3686,2,val
3687,2,train
3688,2,train
3689,2,val
3690,2,train
3691,2,train
3692,2,val
3693,2,val
3694,2,train
3695,2,train
3696,2,train
3697,2,train
3698,2,val
3699,2,train
3700,2,train
3701,2,train
3702,2,train
3703,2,train
3704,2,test
3705,2,test
3706,2,train
3707,2,test
3708,2,train
3709,2,train
3710,2,train
3711,2,train
3712,2,test
3713,2,test
3714,2,train
3715,2,test
3716,2,train
3717,2,train
3718,2,val
3719,2,train
3720,2,test
3721,2,train
3722,2,train
3723,2,train
3724,2,train
3725,2,train
3726,2,train
3727,2,val
3728,2,train
3729,2,val
3730,2,train
3731,2,train
3732,2,train
3733,2,val
3734,2,train
3735,2,val
3736,2,train
3737,2,train
3738,2,train
3739,2,train
3740,2,train
3741,2,val
3742,2,train
3743,2,train
3744,2,train
3745,2,val
3746,2,train
3747,2,train
3748,2,train
3749,2,val
3750,2,test
3751,2,train
3752,2,train
3753,2,test
3754,2,test
3755,2,train
3756,2,val
3757,2,val
3758,2,train
3759,2,train
3760,2,val
3761,2,train
3762,2,train
3763,2,train
3764,2,train
3765,2,train
3766,2,test
3767,2,train
3768,2,train
3769,2,train
3770,2,train
3771,2,train
3772,2,train
3773,2,test
3774,2,train
3775,2,train
3776,2,train
3777,2,train
3778,2,test
3779,2,train
3780,2,val
3781,2,test
3782,2,train
3783,2,val
3784,2,val
3785,2,train
3786,2,train
3787,2,train
3788,2,test
3789,2,test
3790,2,train
3791,2,train
3792,2,test
3793,2,train
3794,2,train
3795,2,train
3796,2,train
3797,2,train
3798,2,train
3799,2,train
3800,2,test
3801,2,train
3802,2,train
3803,2,train
3804,2,train
3805,2,train
3806,2,train
3807,2,train
3808,2,train
3809,2,train
3810,2,train
3811,2,train
3812,2,train
3813,2,train
3814,2,test
3815,2,val
3816,2,train
3817,2,train
3818,2,train
3819,2,train
3820,2,train
3821,2,val
3822,2,train
3823,2,val
3824,2,train
3825,2,test
3826,2,train
3827,2,train
3828,2,train
3829,2,test
3830,2,val
3831,2,train
3832,2,train
3833,2,train
3834,2,train
3835,2,val
3836,2,val
3837,2,train
3838,2,test
3839,2,val
3840,2,test
3841,2,train
3842,2,train
3843,2,test
3844,2,val
3845,2,train
3846,2,train
3847,2,test
3848,2,train
3849,2,train
3850,2,train
3851,2,train
3852,2,train
3853,2,val
3854,2,train
3855,2,train
3856,2,train
3857,2,test
3858,2,train
3859,2,train
3860,2,train
3861,2,train
3862,2,train
3863,2,test
3864,2,test
3865,2,val
3866,2,train
3867,2,test
3868,2,train
3869,2,test
3870,2,train
3871,2,train
3872,2,train
3873,2,val
3874,2,train
3875,2,train
3876,2,test
3877,2,val
3878,2,train
3879,2,train
3880,2,train
3881,2,train
3882,2,test
3883,2,train
3884,2,val
3885,2,val
3886,2,train
3887,2,val
3888,2,train
3889,2,train
3890,2,train
3891,2,train
3892,2,test
3893,2,train
3894,2,train
3895,2,train
3896,2,val
3897,2,train
3898,2,train
3899,2,train
3900,2,train
3901,2,test
3902,2,train
3903,2,train
3904,2,train
3905,2,train
3906,2,train
3907,2,train
3908,2,train
3909,2,train
3910,2,test
3911,2,train
3912,2,train
3913,2,test
3914,2,test
3915,2,test
3916,2,train
3917,2,train
3918,2,train
3919,2,test
3920,2,val
3921,2,test
3922,2,val
3923,2,test
3924,2,train
3925,2,val
3926,2,val
3927,2,val
3928,2,train
3929,2,train
3930,2,train
3931,2,test
3932,2,train
3933,2,train
3934,2,train
3935,2,train
3936,2,train
3937,2,train
3938,2,train
3939,2,train
3940,2,val
3941,2,train
3942,2,train
3943,2,train
3944,2,val
3945,2,test
3946,2,test
3947,2,train
3948,2,test
3949,2,train
3950,2,train
3951,2,train
3952,2,train
3953,2,train
3954,2,val
3955,2,train
3956,2,val
3957,2,train
3958,2,val
3959,2,train
3960,2,train
3961,2,train
3962,2,train
3963,2,train
3964,2,train
3965,2,test
3966,2,train
3967,2,val
3968,2,train
3969,2,train
3970,2,train
3971,2,train
3972,2,train
3973,2,train
3974,2,train
3975,2,train
3976,2,train
3977,2,train
3978,2,train
3979,2,val
3980,2,train
3981,2,train
3982,2,train
3983,2,train
3984,2,val
3985,2,train
3986,2,train
3987,2,test
3988,2,train
3989,2,train
3990,2,train
3991,2,train
3992,2,test
3993,2,val
3994,2,train
3995,2,train
3996,2,train
3997,2,val
3998,2,test
3999,2,train
4000,2,train
4001,2,test
4002,2,train
4003,2,train
4004,2,test
4005,2,train
4006,2,train
4007,2,val
4008,2,val
4009,2,train
4010,2,train
4011,2,train
4012,2,train
4013,2,train
4014,2,train
4015,2,train
4016,2,train
4017,2,train
4018,2,train
4019,2,test
4020,2,train
4021,2,train
4022,2,train
4023,2,test
4024,2,train
4025,2,train
4026,2,train
4027,2,train
4028,2,train
4029,2,train
4030,2,train
4031,2,train
4032,2,test
4033,2,val
4034,2,train
4035,2,val
4036,2,val
4037,2,train
4038,2,test
4039,2,train
4040,2,train
4041,2,test
4042,2,train
4043,2,train
4044,2,test
4045,2,train
4046,2,train
4047,2,train
4048,2,train
4049,2,train
4050,2,train
4051,2,val
4052,2,val
4053,2,train
4054,2,train
4055,2,train
4056,2,val
4057,2,train
4058,2,train
4059,2,test
4060,2,val
4061,2,test
4062,2,train
4063,2,train
4064,2,test
4065,2,train
4066,2,test
4067,2,train
4068,2,train
4069,2,train
4070,2,test
4071,2,train
4072,2,test
4073,2,train
4074,2,train
4075,2,test
4076,2,train
4077,2,test
4078,2,train
4079,2,train
4080,2,train
4081,2,val
4082,2,train
4083,2,train
4084,2,test
4085,2,train
4086,2,test
4087,2,train
4088,2,test
4089,2,train
4090,2,train
4091,2,train
4092,2,train
4093,2,test
4094,2,train
4095,2,train
4096,2,train
4097,2,train
4098,2,train
4099,2,val
4100,2,train
4101,2,val
4102,2,val
4103,2,val
4104,2,train
4105,2,train
4106,2,train
4107,2,train
4108,2,train
4109,2,train
4110,2,val
4111,2,val
4112,2,val
4113,2,test
4114,2,train
4115,2,train
4116,2,train
4117,2,train
4118,2,val
4119,2,test
4120,2,val
4121,2,train
4122,2,train
4123,2,train
4124,2,train
4125,2,train
4126,2,train
4127,2,val
4128,2,train
4129,2,train
4130,2,train
4131,2,val
4132,2,train
4133,2,train
4134,2,train
4135,2,test
4136,2,train
4137,2,train
4138,2,train
4139,2,train
4140,2,train
4141,2,train
4142,2,train
4143,2,train
4144,2,train
4145,2,train
4146,2,train
4147,2,test
4148,2,train
4149,2,train
4150,2,train
4151,2,val
4152,2,train
4153,2,val
4154,2,val
4155,2,val
4156,2,train
4157,2,train
4158,2,train
4159,2,train
4160,2,test
4161,2,train
4162,2,train
4163,2,train
4164,2,train
4165,2,train
4166,2,train
4167,2,test
4168,2,train
4169,2,val
4170,2,test
4171,2,train
4172,2,train
4173,2,train
4174,2,train
4175,2,test
4176,2,val
4177,2,train
4178,2,train
4179,2,val
4180,2,val
4181,2,train
4182,2,train
4183,2,test
4184,2,train
4185,2,train
4186,2,train
4187,2,train
4188,2,train
4189,2,train
4190,2,train
4191,2,train
4192,2,train
4193,2,val
4194,2,train
4195,2,train
4196,2,train
4197,2,train
4198,2,train
4199,2,val
4200,2,val
4201,2,train
4202,2,val
4203,2,train
4204,2,train
4205,2,train
4206,2,train
4207,2,train
4208,2,train
4209,2,val
4210,2,train
4211,2,test
4212,2,test
4213,2,train
4214,2,train
4215,2,train
4216,2,train
4217,2,test
4218,2,train
4219,2,train
4220,2,train
4221,2,train
4222,2,train
4223,2,test
4224,2,train
4225,2,train
4226,2,train
4227,2,val
4228,2,train
4229,2,train
4230,2,train
4231,2,train
4232,2,test
4233,2,test
4234,2,train
4235,2,train
4236,2,train
4237,2,val
4238,2,val
4239,2,train
4240,2,train
4241,2,train
4242,2,train
4243,2,train
4244,2,val
4245,2,train
4246,2,train
4247,2,train
4248,2,test
4249,2,train
4250,2,train
4251,2,train
4252,2,train
4253,2,train
4254,2,test
4255,2,train
4256,2,val
4257,2,train
4258,2,train
4259,2,test
4260,2,train
4261,2,test
4262,2,train
4263,2,val
4264,2,val
4265,2,train
4266,2,train
4267,2,train
4268,2,train
4269,2,train
4270,2,test
4271,2,test
4272,2,train
4273,2,train
4274,2,train
4275,2,train
4276,2,val
4277,2,train
4278,2,val
4279,2,train
4280,2,val
4281,2,test
4282,2,test
4283,2,train
4284,2,train
4285,2,train
4286,2,train
4287,2,train
4288,2,train
4289,2,train
4290,2,test
4291,2,train
4292,2,train
4293,2,train
4294,2,train
4295,2,train
4296,2,train
4297,2,train
4298,2,train
4299,2,train
4300,2,test
4301,2,test
4302,2,train
4303,2,train
4304,2,train
4305,2,train
4306,2,val
4307,2,train
4308,2,train
4309,2,train
4310,2,val
4311,2,test
4312,2,train
4313,2,val
4314,2,test
4315,2,train
4316,2,val
4317,2,val
4318,2,test
4319,2,train
4320,2,test
4321,2,test
4322,2,train
4323,2,train
4324,2,train
4325,2,train
4326,2,train
4327,2,train
4328,2,train
4329,2,test
4330,2,train
4331,2,train
4332,2,test
4333,2,train
4334,2,val
4335,2,train
4336,2,train
4337,2,test
4338,2,val
4339,2,val
4340,2,train
4341,2,val
4342,2,train
4343,2,train
4344,2,train
4345,2,train
4346,2,train
4347,2,val
4348,2,train
4349,2,train
4350,2,train
4351,2,train
4352,2,test
4353,2,train
4354,2,train
4355,2,train
4356,2,train
4357,2,train
4358,2,val
4359,2,train
4360,2,train
4361,2,train
4362,2,val
4363,2,test
4364,2,train
4365,2,test
4366,2,train
4367,2,train
4368,2,train
4369,2,val
4370,2,train
4371,2,train
4372,2,train
4373,2,train
4374,2,test
4375,2,train
4376,2,test
4377,2,train
4378,2,train
4379,2,train
4380,2,train
4381,2,test
4382,2,train
4383,2,test
4384,2,test
4385,2,train
4386,2,train
4387,2,train
4388,2,val
4389,2,test
4390,2,train
4391,2,test
4392,2,train
4393,2,train
4394,2,test
4395,2,test
4396,2,train
4397,2,train
4398,2,train
4399,2,train
4400,2,test
4401,2,train
4402,2,train
4403,2,train
4404,2,train
4405,2,train
4406,2,val
4407,2,test
4408,2,test
4409,2,train
4410,2,train
4411,2,train
4412,2,test
4413,2,train
4414,2,train
4415,2,train
4416,2,val
4417,2,train
4418,2,train
4419,2,train
4420,2,train
4421,2,val
4422,2,train
4423,2,train
4424,2,test
4425,2,train
4426,2,test
4427,2,train
4428,2,train
4429,2,train
4430,2,train
4431,2,val
4432,2,train
4433,2,train
4434,2,val
4435,2,train
4436,2,train
4437,2,train
4438,2,train
4439,2,train
4440,2,train
4441,2,train
4442,2,train
4443,2,train
4444,2,train
4445,2,train
4446,2,train
4447,2,train
4448,2,train
4449,2,test
4450,2,train
4451,2,test
4452,2,train
4453,2,train
4454,2,train
4455,2,train
4456,2,train
4457,2,train
4458,2,train
4459,2,train
4460,2,train
4461,2,train
4462,2,test
4463,2,test
4464,2,test
4465,2,test
4466,2,val
4467,2,train
4468,2,val
4469,2,train
4470,2,val
4471,2,train
4472,2,train
4473,2,val
4474,2,train
4475,2,train
4476,2,train
4477,2,train
4478,2,val
4479,2,train
4480,2,train
4481,2,test
4482,2,train
4483,2,train
4484,2,train
4485,2,val
4486,2,train
4487,2,train
4488,2,train
4489,2,train
4490,2,train
4491,2,val
4492,2,train
4493,2,val
4494,2,test
4495,2,train
4496,2,train
4497,2,test
4498,2,train
4499,2,test
4500,2,val
4501,2,train
4502,2,val
4503,2,train
4504,2,train
4505,2,val
4506,2,test
4507,2,test
4508,2,test
4509,2,train
4510,2,val
4511,2,test
4512,2,train
4513,2,train
4514,2,train
4515,2,val
4516,2,train
4517,2,train
4518,2,train
4519,2,test
4520,2,val
4521,2,train
4522,2,train
4523,2,train
4524,2,train
4525,2,test
4526,2,train
4527,2,train
4528,2,test
4529,2,train
4530,2,val
4531,2,train
4532,2,train
4533,2,train
4534,2,train
4535,2,train
4536,2,test
4537,2,train
4538,2,train
4539,2,train
4540,2,train
4541,2,train
4542,2,val
4543,2,train
4544,2,train
4545,2,train
4546,2,train
4547,2,train
4548,2,train
4549,2,train
4550,2,train
4551,2,val
4552,2,train
4553,2,train
4554,2,train
4555,2,test
4556,2,val
4557,2,train
4558,2,train
4559,2,train
4560,2,train
4561,2,train
4562,2,test
4563,2,train
4564,2,val
4565,2,train
4566,2,train
4567,2,train
4568,2,train
4569,2,test
4570,2,train
4571,2,train
4572,2,train
4573,2,val
4574,2,train
4575,2,val
4576,2,train
4577,2,val
4578,2,test
4579,2,train
4580,2,train
4581,2,train
4582,2,train
4583,2,test
4584,2,train
4585,2,train
4586,2,train
4587,2,val
4588,2,train
4589,2,test
4590,2,train
4591,2,train
4592,2,train
4593,2,test
4594,2,val
4595,2,train
4596,2,train
4597,2,train
4598,2,train
4599,2,train
4600,2,train
4601,2,train
4602,2,train
4603,2,train
4604,2,train
4605,2,train
4606,2,train
4607,2,train
4608,2,test
4609,2,train
4610,2,train
4611,2,test
4612,2,train
4613,2,train
4614,2,train
4615,2,test
4616,2,test
4617,2,test
4618,2,train
4619,2,train
4620,2,train
4621,2,train
4622,2,train
4623,2,train
4624,2,train
4625,2,train
4626,2,val
4627,2,test
4628,2,train
4629,2,val
4630,2,train
4631,2,train
4632,2,test
4633,2,train
4634,2,train
4635,2,test
4636,2,train
4637,2,val
4638,2,train
4639,2,train
4640,2,train
4641,2,val
4642,2,val
4643,2,val
4644,2,test
4645,2,val
4646,2,test
4647,2,train
4648,2,train
4649,2,test
4650,2,train
4651,2,train
4652,2,train
4653,2,val
4654,2,train
4655,2,train
4656,2,train
4657,2,train
4658,2,train
4659,2,train
4660,2,train
4661,2,test
4662,2,val
4663,2,train
4664,2,train
4665,2,test
4666,2,train
4667,2,train
4668,2,train
4669,2,train
4670,2,train
4671,2,train
4672,2,val
4673,2,train
4674,2,train
4675,2,train
4676,2,val
4677,2,train
4678,2,train
4679,2,train
4680,2,train
4681,2,val
4682,2,train
4683,2,train
4684,2,test
4685,2,train
4686,2,train
4687,2,val
4688,2,train
4689,2,train
4690,2,train
4691,2,train
4692,2,test
4693,2,train
4694,2,train
4695,2,train
4696,2,test
4697,2,train
4698,2,train
4699,2,train
4700,2,train
4701,2,train
4702,2,train
4703,2,train
4704,2,train
4705,2,train
4706,2,val
4707,2,val
4708,2,test
4709,2,val
4710,2,train
4711,2,train
4712,2,train
4713,2,train
4714,2,train
4715,2,test
4716,2,val
4717,2,test
4718,2,val
4719,2,train
4720,2,train
4721,2,test
4722,2,val
4723,2,train
4724,2,test
4725,2,val
4726,2,test
4727,2,test
4728,2,train
4729,2,train
4730,2,train
4731,2,train
4732,2,train
4733,2,test
4734,2,test
4735,2,train
4736,2,train
4737,2,train
4738,2,train
4739,2,train
4740,2,train
4741,2,train
4742,2,val
4743,2,train
4744,2,test
4745,2,test
4746,2,test
4747,2,train
4748,2,test
4749,2,train
4750,2,train
4751,2,train
4752,2,train
4753,2,test
4754,2,train
4755,2,test
4756,2,train
4757,2,test
4758,2,val
4759,2,train
4760,2,train
4761,2,train
4762,2,train
4763,2,test
4764,2,test
4765,2,train
4766,2,train
4767,2,train
4768,2,train
4769,2,train
4770,2,val
4771,2,train
4772,2,test
4773,2,train
4774,2,train
4775,2,train
4776,2,test
4777,2,train
4778,2,train
4779,2,val
4780,2,test
4781,2,test
4782,2,train
4783,2,train
4784,2,train
4785,2,train
4786,2,test
4787,2,val
4788,2,train
4789,2,train
4790,2,test
4791,2,train
4792,2,train
4793,2,train
4794,2,train
4795,2,train
4796,2,train
4797,2,val
4798,2,train
4799,2,train
4800,2,test
4801,2,train
4802,2,train
4803,2,train
4804,2,train
4805,2,train
4806,2,train
4807,2,train
4808,2,train
4809,2,test
4810,2,train
4811,2,train
4812,2,train
4813,2,train
4814,2,train
4815,2,train
4816,2,train
4817,2,train
4818,2,train
4819,2,train
4820,2,train
4821,2,train
4822,2,train
4823,2,test
4824,2,train
4825,2,train
4826,2,val
4827,2,train
4828,2,train
4829,2,train
4830,2,test
4831,2,train
4832,2,test
4833,2,test
4834,2,val
4835,2,train
4836,2,train
4837,2,val
4838,2,test
4839,2,train
4840,2,val
4841,2,train
4842,2,val
4843,2,val
4844,2,test
4845,2,val
4846,2,train
4847,2,train
4848,2,train
4849,2,test
4850,2,train
4851,2,train
4852,2,train
4853,2,train
4854,2,train
4855,2,train
4856,2,val
4857,2,train
4858,2,train
4859,2,val
4860,2,train
4861,2,train
4862,2,test
4863,2,train
4864,2,test
4865,2,train
4866,2,train
4867,2,train
4868,2,train
4869,2,test
4870,2,test
4871,2,train
4872,2,train
4873,2,test
4874,2,train
4875,2,train
4876,2,train
4877,2,test
4878,2,test
4879,2,train
4880,2,train
4881,2,val
4882,2,val
4883,2,val
4884,2,train
4885,2,train
4886,2,test
4887,2,test
4888,2,train
4889,2,train
4890,2,train
4891,2,val
4892,2,test
4893,2,train
4894,2,train
4895,2,train
4896,2,val
4897,2,train
4898,2,train
4899,2,train
4900,2,train
4901,2,test
4902,2,test
4903,2,train
4904,2,val
4905,2,train
4906,2,train
4907,2,train
4908,2,train
4909,2,train
4910,2,train
4911,2,train
4912,2,train
4913,2,train
4914,2,train
4915,2,train
4916,2,train
4917,2,train
4918,2,train
4919,2,train
4920,2,test
4921,2,train
4922,2,train
4923,2,train
4924,2,val
4925,2,test
4926,2,train
4927,2,train
4928,2,train
4929,2,train
4930,2,test
4931,2,train
4932,2,test
4933,2,train
4934,2,val
4935,2,val
4936,2,train
4937,2,train
4938,2,train
4939,2,train
4940,2,train
4941,2,test
4942,2,train
4943,2,train
4944,2,train
4945,2,test
4946,2,train
4947,2,train
4948,2,train
4949,2,train
4950,2,train
4951,2,train
4952,2,train
4953,2,test
4954,2,val
4955,2,test
4956,2,train
4957,2,train
4958,2,val
4959,2,train
4960,2,train
4961,2,val
4962,2,val
4963,2,val
4964,2,train
4965,2,train
4966,2,train
4967,2,train
4968,2,val
4969,2,train
4970,2,test
4971,2,val
4972,2,train
4973,2,train
4974,2,train
4975,2,test
4976,2,train
4977,2,train
4978,2,test
4979,2,val
4980,2,test
4981,2,train
4982,2,test
4983,2,val
4984,2,train
4985,2,train
4986,2,train
4987,2,train
4988,2,train
4989,2,train
4990,2,train
4991,2,train
4992,2,train
4993,2,train
4994,2,train
4995,2,train
4996,2,train
4997,2,train
4998,2,train
4999,2,train
5000,2,train
5001,2,val
5002,2,train
5003,2,val
5004,2,test
5005,2,val
5006,2,train
5007,2,test
5008,2,val
5009,2,train
5010,2,train
5011,2,train
5012,2,train
5013,2,train
5014,2,val
5015,2,train
5016,2,train
5017,2,train
5018,2,train
5019,2,train
5020,2,train
5021,2,train
5022,2,test
5023,2,val
5024,2,train
5025,2,val
5026,2,train
5027,2,train
5028,2,train
5029,2,train
5030,2,test
5031,2,train
5032,2,train
5033,2,train
5034,2,val
5035,2,train
5036,2,train
5037,2,train
5038,2,train
5039,2,test
5040,2,train
5041,2,train
5042,2,train
5043,2,train
5044,2,train
5045,2,train
5046,2,train
5047,2,test
5048,2,train
5049,2,train
5050,2,train
5051,2,train
5052,2,train
5053,2,train
5054,2,test
5055,2,train
5056,2,val
5057,2,test
5058,2,val
5059,2,train
5060,2,train
5061,2,train
5062,2,train
5063,2,train
5064,2,train
5065,2,val
5066,2,train
5067,2,train
5068,2,train
5069,2,train
5070,2,test
5071,2,train
5072,2,train
5073,2,train
5074,2,test
5075,2,train
5076,2,train
5077,2,val
5078,2,train
5079,2,train
5080,2,train
5081,2,train
5082,2,train
5083,2,train
5084,2,test
5085,2,train
5086,2,train
5087,2,train
5088,2,train
5089,2,train
5090,2,train
5091,2,train
5092,2,train
5093,2,val
5094,2,train
5095,2,val
5096,2,train
5097,2,train
5098,2,train
5099,2,train
5100,2,train
5101,2,train
5102,2,train
5103,2,train
5104,2,train
5105,2,val
5106,2,train
5107,2,train
5108,2,test
5109,2,train
5110,2,train
5111,2,val
5112,2,test
5113,2,train
5114,2,train
5115,2,val
5116,2,train
5117,2,train
5118,2,train
5119,2,train
5120,2,train
5121,2,val
5122,2,train
5123,2,train
5124,2,test
5125,2,train
5126,2,train
5127,2,val
5128,2,train
5129,2,train
5130,2,train
5131,2,train
5132,2,val
5133,2,train
5134,2,val
5135,2,train
5136,2,train
5137,2,test
5138,2,train
5139,2,train
5140,2,train
5141,2,train
5142,2,train
5143,2,val
5144,2,val
5145,2,test
5146,2,train
5147,2,val
5148,2,train
5149,2,train
5150,2,train
5151,2,train
5152,2,train
5153,2,train
5154,2,test
5155,2,test
5156,2,train
5157,2,train
5158,2,train
5159,2,train
5160,2,val
5161,2,train
5162,2,train
5163,2,val
5164,2,val
5165,2,train
5166,2,val
5167,2,train
5168,2,train
5169,2,train
5170,2,train
5171,2,train
5172,2,test
5173,2,train
5174,2,train
5175,2,train
5176,2,test
5177,2,test
5178,2,val
5179,2,val
5180,2,train
5181,2,train
5182,2,test
5183,2,val
5184,2,train
5185,2,val
5186,2,val
5187,2,val
5188,2,train
5189,2,train
5190,2,train
5191,2,test
5192,2,test
5193,2,train
5194,2,val
5195,2,test
5196,2,train
5197,2,train
5198,2,train
5199,2,train
5200,2,test
5201,2,test
5202,2,val
5203,2,test
5204,2,train
5205,2,train
5206,2,train
5207,2,train
5208,2,test
5209,2,train
5210,2,train
5211,2,train
5212,2,train
5213,2,test
5214,2,test
5215,2,train
5216,2,test
5217,2,val
5218,2,train
5219,2,test
5220,2,train
5221,2,train
5222,2,train
5223,2,train
5224,2,train
5225,2,train
5226,2,train
5227,2,train
5228,2,train
5229,2,test
5230,2,train
5231,2,train
5232,2,train
5233,2,train
5234,2,val
5235,2,train
5236,2,train
5237,2,train
5238,2,train
5239,2,val
5240,2,train
5241,2,test
5242,2,train
5243,2,val
5244,2,train
5245,2,train
5246,2,train
5247,2,train
5248,2,train
5249,2,test
5250,2,train
5251,2,train
5252,2,test
5253,2,test
5254,2,test
5255,2,train
5256,2,val
5257,2,train
5258,2,train
5259,2,val
5260,2,test
5261,2,train
5262,2,train
5263,2,train
5264,2,train
5265,2,test
5266,2,train
5267,2,train
5268,2,train
5269,2,train
5270,2,train
5271,2,train
5272,2,train
5273,2,val
5274,2,val
5275,2,train
5276,2,val
5277,2,train
5278,2,train
5279,2,train
5280,2,train
5281,2,val
5282,2,train
5283,2,train
5284,2,train
5285,2,train
5286,2,train
5287,2,train
5288,2,test
5289,2,train
5290,2,train
5291,2,val
5292,2,train
5293,2,train
5294,2,train
5295,2,train
5296,2,train
5297,2,train
5298,2,train
5299,2,train
5300,2,train
5301,2,test
5302,2,train
5303,2,train
5304,2,test
5305,2,train
5306,2,train
5307,2,train
5308,2,train
5309,2,train
5310,2,train
5311,2,val
5312,2,val
5313,2,test
5314,2,train
5315,2,test
5316,2,train
5317,2,train
5318,2,train
5319,2,train
5320,2,train
5321,2,train
5322,2,train
5323,2,train
5324,2,train
5325,2,train
5326,2,train
5327,2,train
5328,2,train
5329,2,test
5330,2,val
5331,2,train
5332,2,train
5333,2,train
5334,2,test
5335,2,train
5336,2,train
5337,2,train
5338,2,train
5339,2,train
5340,2,val
5341,2,val
5342,2,train
5343,2,train
5344,2,train
5345,2,train
5346,2,val
5347,2,test
5348,2,train
5349,2,test
5350,2,train
5351,2,train
5352,2,train
5353,2,val
5354,2,train
5355,2,train
5356,2,test
5357,2,train
5358,2,train
5359,2,val
5360,2,test
5361,2,train
5362,2,train
5363,2,train
5364,2,train
5365,2,train
5366,2,train
5367,2,test
5368,2,test
5369,2,test
5370,2,train
5371,2,train
5372,2,val
5373,2,val
5374,2,train
5375,2,train
5376,2,train
5377,2,train
5378,2,test
5379,2,train
5380,2,train
5381,2,train
5382,2,train
5383,2,train
5384,2,val
5385,2,train
5386,2,train
5387,2,train
5388,2,test
5389,2,val
5390,2,train
5391,2,train
5392,2,train
5393,2,train
5394,2,val
5395,2,train
5396,2,train
5397,2,train
5398,2,train
5399,2,train
5400,2,train
5401,2,train
5402,2,train
5403,2,val
5404,2,val
5405,2,train
5406,2,train
5407,2,train
5408,2,train
5409,2,train
5410,2,train
5411,2,train
5412,2,train
5413,2,val
5414,2,train
5415,2,train
5416,2,train
5417,2,val
5418,2,train
5419,2,train
5420,2,val
5421,2,val
5422,2,train
5423,2,test
5424,2,train
5425,2,train
5426,2,train
5427,2,train
5428,2,val
5429,2,train
5430,2,train
5431,2,train
5432,2,train
5433,2,val
5434,2,train
5435,2,test
5436,2,train
5437,2,val
5438,2,test
5439,2,train
5440,2,train
5441,2,train
5442,2,train
5443,2,train
5444,2,train
5445,2,train
5446,2,train
5447,2,train
5448,2,train
5449,2,train
5450,2,train
5451,2,train
5452,2,train
5453,2,train
5454,2,train
5455,2,train
5456,2,train
5457,2,train
5458,2,train
5459,2,train
5460,2,test
5461,2,train
5462,2,val
5463,2,train
5464,2,train
5465,2,train
5466,2,train
5467,2,test
5468,2,train
5469,2,val
5470,2,train
5471,2,train
5472,2,train
5473,2,train
5474,2,train
5475,2,train
5476,2,train
5477,2,test
5478,2,train
5479,2,train
5480,2,train
5481,2,train
5482,2,train
5483,2,train
5484,2,train
5485,2,test
5486,2,val
5487,2,train
5488,2,train
5489,2,test
5490,2,train
5491,2,val
5492,2,train
5493,2,train
5494,2,train
5495,2,train
5496,2,train
5497,2,train
5498,2,test
5499,2,train
5500,2,train
5501,2,test
5502,2,train
5503,2,train
5504,2,train
5505,2,train
5506,2,val
5507,2,train
5508,2,train
5509,2,val
5510,2,train
5511,2,train
5512,2,train
5513,2,val
5514,2,train
5515,2,train
5516,2,val
5517,2,train
5518,2,train
5519,2,train
5520,2,train
5521,2,train
5522,2,val
5523,2,val
5524,2,test
5525,2,val
5526,2,train
5527,2,train
5528,2,train
5529,2,train
5530,2,train
5531,2,test
5532,2,train
5533,2,train
5534,2,train
5535,2,test
5536,2,val
5537,2,val
5538,2,test
5539,2,train
5540,2,train
5541,2,train
5542,2,val
5543,2,train
5544,2,train
5545,2,val
5546,2,val
5547,2,train
5548,2,test
5549,2,train
5550,2,train
5551,2,test
5552,2,train
5553,2,train
5554,2,train
5555,2,test
5556,2,train
5557,2,val
5558,2,test
5559,2,train
5560,2,test
5561,2,val
5562,2,train
5563,2,train
5564,2,train
5565,2,train
5566,2,train
5567,2,test
5568,2,train
5569,2,train
5570,2,train
5571,2,train
5572,2,train
5573,2,val
5574,2,train
5575,2,train
5576,2,test
5577,2,train
5578,2,train
5579,3,train
5580,3,train
5581,3,train
5582,3,test
5583,3,train
5584,3,train
5585,3,train
5586,3,test
5587,3,train
5588,3,val
5589,3,train
5590,3,test
5591,3,train
5592,3,val
5593,3,train
5594,3,test
5595,3,train
5596,3,train
5597,3,train
5598,3,train
5599,3,train
5600,3,train
5601,3,train
5602,3,train
5603,3,train
5604,3,val
5605,3,train
5606,3,train
5607,3,test
5608,3,test
5609,3,val
5610,3,train
5611,3,train
5612,3,train
5613,3,train
5614,3,test
5615,3,train
5616,3,train
5617,3,train
5618,3,train
5619,3,train
5620,3,train
5621,3,test
5622,3,val
5623,3,train
5624,3,train
5625,3,val
5626,3,train
5627,3,train
5628,3,train
5629,3,train
5630,3,train
5631,3,val
5632,3,test
5633,3,train
5634,3,train
5635,3,train
5636,3,test
5637,3,train
5638,3,test
5639,3,train
5640,3,val
5641,3,train
5642,3,val
5643,3,train
5644,3,train
5645,3,val
5646,3,train
5647,3,train
5648,3,train
5649,3,train
5650,3,test
5651,3,train
5652,3,train
5653,3,train
5654,3,train
5655,3,val
5656,3,train
5657,3,val
5658,3,train
5659,3,train
5660,3,train
5661,3,test
5662,3,train
5663,3,train
5664,3,train
5665,3,train
5666,3,train
5667,3,val
5668,3,train
5669,3,train
5670,3,val
5671,3,train
5672,3,train
5673,3,train
5674,3,train
5675,3,train
5676,3,train
5677,3,train
5678,3,train
5679,3,train
5680,3,train
5681,3,train
5682,3,val
5683,3,train
5684,3,train
5685,3,train
5686,3,train
5687,3,test
5688,3,train
5689,3,train
5690,3,train
5691,3,train
5692,3,val
5693,3,train
5694,3,val
5695,3,train
5696,3,train
5697,3,val
5698,3,train
5699,3,train
5700,3,train
5701,3,test
5702,3,train
5703,3,test
5704,3,train
5705,3,train
5706,3,train
5707,3,test
5708,3,test
5709,3,test
5710,3,train
5711,3,val
5712,3,train
5713,3,test
5714,3,train
5715,3,train
5716,3,train
5717,3,train
5718,3,train
5719,3,val
5720,3,train
5721,3,val
5722,3,test
5723,3,train
5724,3,train
5725,3,train
5726,3,test
5727,3,train
5728,3,val
5729,3,train
5730,3,train
5731,3,train
5732,3,train
5733,3,train
5734,3,train
5735,3,train
5736,3,train
5737,3,train
5738,3,train
5739,3,train
5740,3,test
5741,3,test
5742,3,test
5743,3,train
5744,3,train
5745,3,train
5746,3,train
5747,3,val
5748,3,train
5749,3,train
5750,3,train
5751,3,train
5752,3,train
5753,3,train
5754,3,train
5755,3,train
5756,3,train
5757,3,val
5758,3,train
5759,3,train
5760,3,test
5761,3,train
5762,3,train
5763,3,test
5764,3,val
5765,3,test
5766,3,test
5767,3,val
5768,3,test
5769,3,train
5770,3,train
5771,3,test
5772,3,test
5773,3,test
5774,3,train
5775,3,train
5776,3,train
5777,3,train
5778,3,val
5779,3,test
5780,3,train
5781,3,val
5782,3,train
5783,3,val
5784,3,test
5785,3,train
5786,3,train
5787,3,train
5788,3,train
5789,3,train
5790,3,test
5791,3,train
5792,3,val
5793,3,val
5794,3,train
5795,3,train
5796,3,train
5797,3,val
5798,3,train
5799,3,train
5800,3,train
5801,3,train
5802,3,train
5803,3,train
5804,3,val
5805,3,train
5806,3,train
5807,3,train
5808,3,train
5809,3,train
5810,3,train
5811,3,train
5812,3,train
5813,3,train
5814,3,train
5815,3,train
5816,3,train
5817,3,test
5818,3,train
5819,3,train
5820,3,train
5821,3,train
5822,3,train
5823,3,test
5824,3,train
5825,3,train
5826,3,train
5827,3,val
5828,3,val
5829,3,test
5830,3,train
5831,3,train
5832,3,train
5833,3,train
5834,3,train
5835,3,train
5836,3,train
5837,3,train
5838,3,train
5839,3,train
5840,3,val
5841,3,train
5842,3,train
5843,3,train
5844,3,train
5845,3,train
5846,3,train
5847,3,train
5848,3,train
5849,3,train
5850,3,train
5851,3,train
5852,3,train
5853,3,train
5854,3,test
5855,3,train
5856,3,test
5857,3,train
5858,3,test
5859,3,train
5860,3,train
5861,3,train
5862,3,val
5863,3,train
5864,3,train
5865,3,train
5866,3,test
5867,3,train
5868,3,val
5869,3,test
5870,3,train
5871,3,train
5872,3,test
5873,3,train
5874,3,train
5875,3,val
5876,3,test
5877,3,train
5878,3,train
5879,3,train
5880,3,train
5881,3,test
5882,3,train
5883,3,train
5884,3,test
5885,3,train
5886,3,train
5887,3,train
5888,3,train
5889,3,train
5890,3,train
5891,3,val
5892,3,test
5893,3,train
5894,3,test
5895,3,test
5896,3,train
5897,3,train
5898,3,train
5899,3,test
5900,3,train
5901,3,train
5902,3,train
5903,3,train
5904,3,test
5905,3,train
5906,3,train
5907,3,val
5908,3,train
5909,3,val
5910,3,test
5911,3,train
5912,3,train
5913,3,train
5914,3,test
5915,3,train
5916,3,train
5917,3,train
5918,3,train
5919,3,test
5920,3,train
5921,3,train
5922,3,train
5923,3,train
5924,3,train
5925,3,train
5926,3,train
5927,3,train
5928,3,val
5929,3,val
5930,3,train
5931,3,train
5932,3,train
5933,3,val
5934,3,train
5935,3,train
5936,3,train
5937,3,train
5938,3,train
5939,3,val
5940,3,train
5941,3,test
5942,3,train
5943,3,train
5944,3,train
5945,3,train
5946,3,train
5947,3,train
5948,3,train
5949,3,train
5950,3,test
5951,3,train
5952,3,val
5953,3,train
5954,3,train
5955,3,train
5956,3,train
5957,3,train
5958,3,train
5959,3,train
5960,3,train
5961,3,val
5962,3,test
5963,3,train
5964,3,train
5965,3,train
5966,3,test
5967,3,train
5968,3,val
5969,3,train
5970,3,val
5971,3,train
5972,3,val
5973,3,train
5974,3,test
5975,3,train
5976,3,train
5977,3,train
5978,3,train
5979,3,train
5980,3,train
5981,3,val
5982,3,val
5983,3,train
5984,3,train
5985,3,train
5986,3,val
5987,3,train
5988,3,test
5989,3,train
5990,3,train
5991,3,train
5992,3,train
5993,3,test
5994,3,val
5995,3,train
5996,3,train
5997,3,train
5998,3,train
5999,3,test
6000,3,val
6001,3,test
6002,3,train
6003,3,train
6004,3,train
6005,3,val
6006,3,train
6007,3,train
6008,3,train
6009,3,train
6010,3,val
6011,3,train
6012,3,train
6013,3,val
6014,3,val
6015,3,train
6016,3,train
6017,3,train
6018,3,test
6019,3,test
6020,3,train
6021,3,train
6022,3,test
6023,3,train
6024,3,train
6025,3,train
6026,3,val
6027,3,train
6028,3,val
6029,3,val
6030,3,train
6031,3,train
6032,3,train
6033,3,train
6034,3,val
6035,3,train
6036,3,train
6037,3,train
6038,3,train
6039,3,train
6040,3,train
6041,3,val
6042,3,val
6043,3,val
6044,3,train
6045,3,train
6046,3,test
6047,3,train
6048,3,val
6049,3,train
6050,3,val
6051,3,train
6052,3,train
6053,3,train
6054,3,test
6055,3,train
6056,3,test
6057,3,train
6058,3,test
6059,3,train
6060,3,train
6061,3,train
6062,3,val
6063,3,train
6064,3,train
6065,3,train
6066,3,train
6067,3,train
6068,3,test
6069,3,train
6070,3,train
6071,3,test
6072,3,train
6073,3,test
6074,3,train
6075,3,train
6076,3,train
6077,3,train
6078,3,train
6079,3,train
6080,3,val
6081,3,train
6082,3,train
6083,3,test
6084,3,val
6085,3,train
6086,3,test
6087,3,train
6088,3,train
6089,3,train
6090,3,train
6091,3,train
6092,3,val
6093,3,train
6094,3,val
6095,3,train
6096,3,train
6097,3,train
6098,3,train
6099,3,train
6100,3,test
6101,3,train
6102,3,test
6103,3,val
6104,3,train
6105,3,test
6106,3,test
6107,3,train
6108,3,train
6109,3,test
6110,3,train
6111,3,train
6112,3,val
6113,3,train
6114,3,train
6115,3,train
6116,3,train
6117,3,train
6118,3,train
6119,3,train
6120,3,train
6121,3,train
6122,3,train
6123,3,train
6124,3,train
6125,3,train
6126,3,train
6127,3,train
6128,3,train
6129,3,train
6130,3,train
6131,3,train
6132,3,test
6133,3,val
6134,3,test
6135,3,train
6136,3,train
6137,3,test
6138,3,train
6139,3,val
6140,3,train
6141,3,train
6142,3,train
6143,3,train
6144,3,test
6145,3,train
6146,3,train
6147,3,test
6148,3,train
6149,3,train
6150,3,val
6151,3,train
6152,3,train
6153,3,val
6154,3,train
6155,3,train
6156,3,test
6157,3,val
6158,3,test
6159,3,train
6160,3,test
6161,3,train
6162,3,val
6163,3,train
6164,3,train
6165,3,val
6166,3,test
6167,3,test
6168,3,train
6169,3,train
6170,3,train
6171,3,train
6172,3,train
6173,3,train
6174,3,train
6175,3,train
6176,3,train
6177,3,train
6178,3,val
6179,3,train
6180,3,train
6181,3,train
6182,3,train
6183,3,train
6184,3,train
6185,3,test
6186,3,test
6187,3,val
6188,3,test
6189,3,test
6190,3,train
6191,3,test
6192,3,train
6193,3,train
6194,3,test
6195,3,train
6196,3,test
6197,3,train
6198,3,train
6199,3,train
6200,3,test
6201,3,train
6202,3,val
6203,3,train
6204,3,train
6205,3,train
6206,3,train
6207,3,val
6208,3,train
6209,3,val
6210,3,train
6211,3,train
6212,3,val
6213,3,train
6214,3,train
6215,3,train
6216,3,test
6217,3,test
6218,3,train
6219,3,test
6220,3,train
6221,3,train
6222,3,train
6223,3,train
6224,3,val
6225,3,train
6226,3,train
6227,3,test
6228,3,train
6229,3,val
6230,3,train
6231,3,train
6232,3,train
6233,3,train
6234,3,test
6235,3,val
6236,3,train
6237,3,val
6238,3,train
6239,3,test
6240,3,train
6241,3,test
6242,3,val
6243,3,train
6244,3,train
6245,3,train
6246,3,val
6247,3,val
6248,3,train
6249,3,train
6250,3,train
6251,3,train
6252,3,test
6253,3,val
6254,3,train
6255,3,train
6256,3,train
6257,3,train
6258,3,train
6259,3,test
6260,3,train
6261,3,train
6262,3,train
6263,3,train
6264,3,train
6265,3,train
6266,3,train
6267,3,val
6268,3,train
6269,3,train
6270,3,train
6271,3,train
6272,3,test
6273,3,val
6274,3,train
6275,3,train
6276,3,train
6277,3,test
6278,3,train
6279,3,train
6280,3,train
6281,3,train
6282,3,val
6283,3,train
6284,3,test
6285,3,train
6286,3,train
6287,3,test
6288,3,test
6289,3,test
6290,3,train
6291,3,train
6292,3,train
6293,3,train
6294,3,train
6295,3,train
6296,3,train
6297,3,train
6298,3,train
6299,3,train
6300,3,train
6301,3,train
6302,3,train
6303,3,val
6304,3,val
6305,3,train
6306,3,train
6307,3,test
6308,3,train
6309,3,test
6310,3,train
6311,3,train
6312,3,train
6313,3,train
6314,3,train
6315,3,train
6316,3,train
6317,3,train
6318,3,train
6319,3,val
6320,3,train
6321,3,train
6322,3,val
6323,3,val
6324,3,train
6325,3,train
6326,3,train
6327,3,train
6328,3,train
6329,3,train
6330,3,train
6331,3,train
6332,3,test
6333,3,val
6334,3,train
6335,3,train
6336,3,train
6337,3,train
6338,3,train
6339,3,train
6340,3,val
6341,3,train
6342,3,train
6343,3,train
6344,3,train
6345,3,train
6346,3,test
6347,3,val
6348,3,train
6349,3,train
6350,3,val
6351,3,train
6352,3,val
6353,3,train
6354,3,train
6355,3,train
6356,3,test
6357,3,train
6358,3,train
6359,3,train
6360,3,train
6361,3,train
6362,3,train
6363,3,test
6364,3,train
6365,3,train
6366,3,test
6367,3,train
6368,3,train
6369,3,val
6370,3,val
6371,3,train
6372,3,train
6373,3,test
6374,3,train
6375,3,train
6376,3,train
6377,3,train
6378,3,test
6379,3,train
6380,3,train
6381,3,train
6382,3,train
6383,3,train
6384,3,train
6385,3,train
6386,3,test
6387,3,train
6388,3,val
6389,3,train
6390,3,train
6391,3,train
6392,3,train
6393,3,val
6394,3,val
6395,3,train
6396,3,test
6397,3,train
6398,3,train
6399,3,val
6400,3,train
6401,3,train
6402,3,train
6403,3,val
6404,3,train
6405,3,train
6406,3,val
6407,3,train
6408,3,train
6409,3,val
6410,3,train
6411,3,train
6412,3,train
6413,3,val
6414,3,train
6415,3,test
6416,3,train
6417,3,val
6418,3,train
6419,3,train
6420,3,train
6421,3,train
6422,3,train
6423,3,test
6424,3,test
6425,3,test
6426,3,test
6427,3,train
6428,3,train
6429,3,train
6430,3,test
6431,3,train
6432,3,train
6433,3,test
6434,3,train
6435,3,train
6436,3,val
6437,3,train
6438,3,val
6439,3,train
6440,3,train
6441,3,train
6442,3,train
6443,3,test
6444,3,train
6445,3,val
6446,3,train
6447,3,train
6448,3,train
6449,3,test
6450,3,val
6451,3,train
6452,3,train
6453,3,train
6454,3,train
6455,3,train
6456,3,train
6457,3,train
6458,3,train
6459,3,test
6460,3,train
6461,3,train
6462,3,train
6463,3,train
6464,3,train
6465,3,test
6466,3,train
6467,3,train
6468,3,val
6469,3,val
6470,3,train
6471,3,train
6472,3,train
6473,3,train
6474,3,train
6475,3,train
6476,3,train
6477,3,train
6478,3,train
6479,3,train
6480,3,val
6481,3,train
6482,3,train
6483,3,train
6484,3,train
6485,3,test
6486,3,test
6487,3,train
6488,3,train
6489,3,train
6490,3,test
6491,3,train
6492,3,val
6493,3,train
6494,3,test
6495,3,test
6496,3,train
6497,3,train
6498,3,train
6499,3,train
6500,3,train
6501,3,test
6502,3,train
6503,3,val
6504,3,train
6505,3,test
6506,3,train
6507,3,val
6508,3,train
6509,3,train
6510,3,train
6511,3,train
6512,3,train
6513,3,val
6514,3,test
6515,3,train
6516,3,train
6517,3,val
6518,3,test
6519,3,test
6520,3,train
6521,3,train
6522,3,train
6523,3,train
6524,3,val
6525,3,test
6526,3,train
6527,3,train
6528,3,val
6529,3,val
6530,3,val
6531,3,train
6532,3,train
6533,3,train
6534,3,train
6535,3,val
6536,3,train
6537,3,val
6538,3,train
6539,3,val
6540,3,test
6541,3,train
6542,3,train
6543,3,test
6544,3,val
6545,3,val
6546,3,train
6547,3,train
6548,3,train
6549,3,train
6550,3,train
6551,3,train
6552,3,train
6553,3,val
6554,3,train
6555,3,val
6556,3,train
6557,3,train
6558,3,train
6559,3,train
6560,3,train
6561,3,train
6562,3,train
6563,3,train
6564,3,val
6565,3,train
6566,3,train
6567,3,test
6568,3,train
6569,3,train
6570,3,test
6571,3,train
6572,3,train
6573,3,val
6574,3,train
6575,3,train
6576,3,val
6577,3,train
6578,3,val
6579,3,train
6580,3,train
6581,3,train
6582,3,val
6583,3,test
6584,3,val
6585,3,train
6586,3,train
6587,3,train
6588,3,val
6589,3,train
6590,3,train
6591,3,val
6592,3,train
6593,3,train
6594,3,test
6595,3,val
6596,3,train
6597,3,train
6598,3,train
6599,3,train
6600,3,train
6601,3,train
6602,3,train
6603,3,train
6604,3,train
6605,3,train
6606,3,train
6607,3,val
6608,3,train
6609,3,train
6610,3,train
6611,3,test
6612,3,train
6613,3,train
6614,3,train
6615,3,train
6616,3,train
6617,3,train
6618,3,train
6619,3,val
6620,3,train
6621,3,train
6622,3,train
6623,3,val
6624,3,test
6625,3,train
6626,3,train
6627,3,train
6628,3,train
6629,3,train
6630,3,val
6631,3,train
6632,3,train
6633,3,train
6634,3,train
6635,3,train
6636,3,train
6637,3,train
6638,3,train
6639,3,train
6640,3,train
6641,3,test
6642,3,val
6643,3,train
6644,3,train
6645,3,train
6646,3,train
6647,3,train
6648,3,train
6649,3,train
6650,3,train
6651,3,train
6652,3,test
6653,3,train
6654,3,train
6655,3,train
6656,3,train
6657,3,train
6658,3,train
6659,3,train
6660,3,train
6661,3,train
6662,3,train
6663,3,train
6664,3,train
6665,3,train
6666,3,train
6667,3,train
6668,3,val
6669,3,train
6670,3,val
6671,3,train
6672,3,val
6673,3,val
6674,3,train
6675,3,test
6676,3,val
6677,3,train
6678,3,train
6679,3,val
6680,3,test
6681,3,train
6682,3,train
6683,3,train
6684,3,train
6685,3,train
6686,3,val
6687,3,train
6688,3,train
6689,3,train
6690,3,test
6691,3,train
6692,3,train
6693,3,val
6694,3,train
6695,3,train
6696,3,val
6697,3,train
6698,3,test
6699,3,train
6700,3,train
6701,3,train
6702,3,train
6703,3,train
6704,3,train
6705,3,train
6706,3,test
6707,3,train
6708,3,train
6709,3,test
6710,3,test
6711,3,train
6712,3,test
6713,3,test
6714,3,test
6715,3,train
6716,3,train
6717,3,train
6718,3,test
6719,3,train
6720,3,val
6721,3,train
6722,3,train
6723,3,train
6724,3,train
6725,3,val
6726,3,train
6727,3,train
6728,3,train
6729,3,train
6730,3,test
6731,3,train
6732,3,train
6733,3,train
6734,3,val
6735,3,train
6736,3,train
6737,3,val
6738,3,val
6739,3,train
6740,3,test
6741,3,train
6742,3,train
6743,3,train
6744,3,test
6745,3,train
6746,3,train
6747,3,train
6748,3,train
6749,3,test
6750,3,train
6751,3,train
6752,3,test
6753,3,train
6754,3,train
6755,3,train
6756,3,train
6757,3,train
6758,3,test
6759,3,train
6760,3,train
6761,3,test
6762,3,test
6763,3,train
6764,3,train
6765,3,train
6766,3,val
6767,3,train
6768,3,train
6769,3,train
6770,3,train
6771,3,train
6772,3,train
6773,3,test
6774,3,val
6775,3,train
6776,3,train
6777,3,train
6778,3,val
6779,3,train
6780,3,train
6781,3,train
6782,3,train
6783,3,test
6784,3,train
6785,3,train
6786,3,train
6787,3,train
6788,3,train
6789,3,train
6790,3,val
6791,3,test
6792,3,train
6793,3,train
6794,3,train
6795,3,train
6796,3,test
6797,3,test
6798,3,train
6799,3,train
6800,3,train
6801,3,train
6802,3,train
6803,3,test
6804,3,train
6805,3,train
6806,3,test
6807,3,val
6808,3,train
6809,3,train
6810,3,train
6811,3,val
6812,3,train
6813,3,train
6814,3,train
6815,3,train
6816,3,train
6817,3,train
6818,3,train
6819,3,train
6820,3,train
6821,3,val
6822,3,train
6823,3,train
6824,3,train
6825,3,train
6826,3,train
6827,3,test
6828,3,train
6829,3,train
6830,3,train
6831,3,train
6832,3,val
6833,3,train
6834,3,train
6835,3,train
6836,3,train
6837,3,train
6838,3,train
6839,3,test
6840,3,val
6841,3,train
6842,3,train
6843,3,train
6844,3,train
6845,3,train
6846,3,train
6847,3,test
6848,3,test
6849,3,test
6850,3,train
6851,3,train
6852,3,train
6853,3,train
6854,3,train
6855,3,train
6856,3,val
6857,3,train
6858,3,train
6859,3,train
6860,3,train
6861,3,train
6862,3,train
6863,3,train
6864,3,val
6865,3,val
6866,3,train
6867,3,val
6868,3,train
6869,3,val
6870,3,train
6871,3,train
6872,3,train
6873,3,val
6874,3,train
6875,3,train
6876,3,train
6877,3,train
6878,3,train
6879,3,train
6880,3,train
6881,3,train
6882,3,train
6883,3,train
6884,3,train
6885,3,test
6886,3,train
6887,3,test
6888,3,train
6889,3,test
6890,3,test
6891,3,train
6892,3,val
6893,3,train
6894,3,val
6895,3,train
6896,3,train
6897,3,train
6898,3,test
6899,3,train
6900,3,train
6901,3,train
6902,3,test
6903,3,train
6904,3,test
6905,3,train
6906,3,train
6907,3,val
6908,3,val
6909,3,train
6910,3,train
6911,3,val
6912,3,test
6913,3,train
6914,3,train
6915,3,val
6916,3,val
6917,3,train
6918,3,test
6919,3,train
6920,3,val
6921,3,val
6922,3,val
6923,3,train
6924,3,test
6925,3,train
6926,3,val
6927,3,train
6928,3,test
6929,3,test
6930,3,train
6931,3,train
6932,3,train
6933,3,test
6934,3,train
6935,3,val
6936,3,train
6937,3,test
6938,3,val
6939,3,test
6940,3,train
6941,3,test
6942,3,test
6943,3,train
6944,3,train
6945,3,train
6946,3,test
6947,3,val
6948,3,val
6949,3,train
6950,3,test
6951,3,train
6952,3,train
6953,3,val
6954,3,train
6955,3,train
6956,3,train
6957,3,test
6958,3,test
6959,3,train
6960,3,val
6961,3,val
6962,3,train
6963,3,test
6964,3,train
6965,3,train
6966,3,test
6967,3,train
6968,3,train
6969,3,train
6970,3,train
6971,3,train
6972,3,val
6973,3,val
6974,3,train
6975,3,train
6976,3,test
6977,3,train
6978,3,train
6979,3,train
6980,3,train
6981,3,train
6982,3,train
6983,3,test
6984,3,train
6985,3,val
6986,3,train
6987,3,train
6988,3,test
6989,3,train
6990,3,val
6991,3,train
6992,3,val
6993,3,train
6994,3,train
6995,3,train
6996,3,train
6997,3,train
6998,3,val
6999,3,train
7000,3,train
7001,3,train
7002,3,test
7003,3,test
7004,3,train
7005,3,val
7006,3,train
7007,3,train
7008,3,train
7009,3,train
7010,3,test
7011,3,test
7012,3,test
7013,3,train
7014,3,train
7015,3,val
7016,3,train
7017,3,train
7018,3,train
7019,3,train
7020,3,train
7021,3,train
7022,3,test
7023,3,train
7024,3,train
7025,3,val
7026,3,test
7027,3,train
7028,3,val
7029,3,val
7030,3,train
7031,3,train
7032,3,train
7033,3,train
7034,3,val
7035,3,train
7036,3,train
7037,3,test
7038,3,train
7039,3,test
7040,3,train
7041,3,train
7042,3,train
7043,3,train
7044,3,train
7045,3,train
7046,3,val
7047,3,val
7048,3,train
7049,3,val
7050,3,train
7051,3,train
7052,3,train
7053,3,train
7054,3,test
7055,3,train
7056,3,test
7057,3,train
7058,3,val
7059,3,train
7060,3,train
7061,3,train
7062,3,train
7063,3,train
7064,3,test
7065,3,val
7066,3,train
7067,3,train
7068,3,train
7069,3,train
7070,3,train
7071,3,train
7072,3,train
7073,3,val
7074,3,val
7075,3,train
7076,3,test
7077,3,test
7078,3,train
7079,3,train
7080,3,train
7081,3,train
7082,3,train
7083,3,train
7084,3,train
7085,3,train
7086,3,train
7087,3,train
7088,3,train
7089,3,train
7090,3,val
7091,3,val
7092,3,train
7093,3,train
7094,3,train
7095,3,train
7096,3,train
7097,3,train
7098,3,train
7099,3,train
7100,3,train
7101,3,train
7102,3,train
7103,3,train
7104,3,val
7105,3,train
7106,3,train
7107,3,train
7108,3,train
7109,3,val
7110,3,train
7111,3,val
7112,3,train
7113,3,test
7114,3,train
7115,3,train
7116,3,train
7117,3,train
7118,3,train
7119,3,test
7120,3,train
7121,3,train
7122,3,train
7123,3,train
7124,3,val
7125,3,val
7126,3,train
7127,3,val
7128,3,train
7129,3,test
7130,3,train
7131,3,train
7132,3,test
7133,3,val
7134,3,test
7135,3,train
7136,3,test
7137,3,train
7138,3,train
7139,3,train
7140,3,train
7141,3,train
7142,3,train
7143,3,train
7144,3,train
7145,3,train
7146,3,train
7147,3,train
7148,3,train
7149,3,train
7150,3,train
7151,3,train
7152,3,test
7153,3,train
7154,3,val
7155,3,test
7156,3,train
7157,3,train
7158,3,test
7159,3,train
7160,3,test
7161,3,train
7162,3,train
7163,3,train
7164,3,train
7165,3,train
7166,3,val
7167,3,train
7168,3,train
7169,3,train
7170,3,train
7171,3,train
7172,3,train
7173,3,val
7174,3,train
7175,3,train
7176,3,train
7177,3,val
7178,3,train
7179,3,train
7180,3,train
7181,3,val
7182,3,val
7183,3,train
7184,3,train
7185,3,train
7186,3,train
7187,3,val
7188,3,train
7189,3,test
7190,3,train
7191,3,train
7192,3,val
7193,3,train
7194,3,train
7195,3,train
7196,3,train
7197,3,val
7198,3,test
7199,3,train
7200,3,train
7201,3,test
7202,3,train
7203,3,test
7204,3,train
7205,3,train
7206,3,val
7207,3,train
7208,3,train
7209,3,test
7210,3,train
7211,3,train
7212,3,val
7213,3,train
7214,3,train
7215,3,train
7216,3,train
7217,3,train
7218,3,train
7219,3,train
7220,3,test
7221,3,train
7222,3,train
7223,3,test
7224,3,val
7225,3,train
7226,3,val
7227,3,train
7228,3,train
7229,3,train
7230,3,train
7231,3,val
7232,3,train
7233,3,train
7234,3,train
7235,3,val
7236,3,train
7237,3,train
7238,3,test
7239,3,train
7240,3,train
7241,3,train
7242,3,train
7243,3,train
7244,3,train
7245,3,train
7246,3,train
7247,3,test
7248,3,train
7249,3,val
7250,3,val
7251,3,train
7252,3,train
7253,3,train
7254,3,train
7255,3,train
7256,3,val
7257,3,train
7258,3,val
7259,3,train
7260,3,test
7261,3,train
7262,3,val
7263,3,train
7264,3,train
7265,3,train
7266,3,val
7267,3,train
7268,3,train
7269,3,val
7270,3,train
7271,3,train
7272,3,train
7273,3,test
7274,3,val
7275,3,test
7276,3,val
7277,3,test
7278,3,test
7279,3,test
7280,3,test
7281,3,train
7282,3,train
7283,3,train
7284,3,train
7285,3,train
7286,3,train
7287,3,test
7288,3,val
7289,3,train
7290,3,test
7291,3,train
7292,3,val
7293,3,val
7294,3,train
7295,3,train
7296,3,train
7297,3,train
7298,3,train
7299,3,train
7300,3,val
7301,3,train
7302,3,train
7303,3,train
7304,3,train
7305,3,train
7306,3,train
7307,3,train
7308,3,train
7309,3,train
7310,3,train
7311,3,train
7312,3,val
7313,3,test
7314,3,train
7315,3,train
7316,3,train
7317,3,train
7318,3,train
7319,3,train
7320,3,test
7321,3,train
7322,3,test
7323,3,test
7324,3,train
7325,3,train
7326,3,test
7327,3,val
7328,3,train
7329,3,train
7330,3,test
7331,3,val
7332,3,train
7333,3,train
7334,3,train
7335,3,train
7336,3,train
7337,3,train
7338,3,train
7339,3,test
7340,3,test
7341,3,val
7342,3,train
7343,3,train
7344,3,train
7345,3,test
7346,3,train
7347,3,train
7348,3,train
7349,3,train
7350,3,train
7351,3,test
7352,3,train
7353,3,train
7354,3,train
7355,3,train
7356,3,train
7357,3,test
7358,3,train
7359,3,train
7360,3,train
7361,3,train
7362,3,val
7363,3,val
7364,3,val
7365,3,train
7366,3,train
7367,3,train
7368,3,train
7369,3,train
7370,3,val
7371,3,train
7372,3,train
7373,3,val
7374,3,test
7375,3,train
7376,3,train
7377,3,train
7378,3,train
7379,3,val
7380,3,test
7381,3,train
7382,3,val
7383,3,val
7384,3,train
7385,3,train
7386,3,train
7387,3,test
7388,3,train
7389,3,train
7390,3,train
7391,3,train
7392,3,train
7393,3,train
7394,3,test
7395,3,test
7396,3,train
7397,3,train
7398,3,test
7399,3,train
7400,3,train
7401,3,train
7402,3,val
7403,3,train
7404,3,test
7405,3,train
7406,3,train
7407,3,val
7408,3,train
7409,3,train
7410,3,train
7411,3,train
7412,3,test
7413,3,train
7414,3,val
7415,3,test
7416,3,train
7417,3,train
7418,3,train
7419,3,test
7420,3,val
7421,3,train
7422,3,val
7423,3,train
7424,3,train
7425,3,train
7426,3,train
7427,3,train
7428,3,val
7429,3,val
7430,3,train
7431,3,train
7432,3,train
7433,3,train
7434,3,train
7435,3,train
7436,3,test
7437,3,train
7438,3,test
7439,3,train
7440,3,train
7441,3,train
7442,3,val
7443,3,train
7444,3,train
7445,3,train
7446,3,val
7447,3,train
7448,3,train
7449,3,train
7450,3,val
7451,3,train
7452,3,test
7453,3,val
7454,3,train
7455,3,test
7456,3,val
7457,3,test
7458,3,train
7459,3,train
7460,3,val
7461,3,test
7462,3,val
7463,3,train
7464,3,val
7465,3,test
7466,3,test
7467,3,train
7468,3,train
7469,3,train
7470,3,val
7471,3,train
7472,3,train
7473,3,train
7474,3,train
7475,3,train
7476,3,train
7477,3,train
7478,3,train
7479,3,train
7480,3,train
7481,3,test
7482,3,train
7483,3,train
7484,3,train
7485,3,train
7486,3,test
7487,3,train
7488,3,train
7489,3,val
7490,3,train
7491,3,train
7492,3,train
7493,3,test
7494,3,train
7495,3,train
7496,3,train
7497,3,train
7498,3,train
7499,3,train
7500,3,test
7501,3,val
7502,3,val
7503,3,train
7504,3,train
7505,3,train
7506,3,train
7507,3,train
7508,3,train
7509,3,test
7510,3,test
7511,3,train
7512,3,train
7513,3,train
7514,3,train
7515,3,train
7516,3,train
7517,3,train
7518,3,train
7519,3,train
7520,3,train
7521,3,train
7522,3,train
7523,3,test
7524,3,train
7525,3,train
7526,3,train
7527,3,train
7528,3,test
7529,3,train
7530,3,train
7531,3,train
7532,3,train
7533,3,train
7534,3,train
7535,3,train
7536,3,val
7537,3,train
7538,3,val
7539,3,train
7540,3,train
7541,3,train
7542,3,train
7543,3,test
7544,3,train
7545,3,train
7546,3,train
7547,3,train
7548,3,val
7549,3,train
7550,3,train
7551,3,train
7552,3,train
7553,3,train
7554,3,train
7555,3,val
7556,3,test
7557,3,train
7558,3,train
7559,3,train
7560,3,train
7561,3,train
7562,3,test
7563,3,test
7564,3,train
7565,3,train
7566,3,train
7567,3,train
7568,3,train
7569,3,train
7570,3,train
7571,3,train
7572,3,val
7573,3,test
7574,3,train
7575,3,val
7576,3,val
7577,3,test
7578,3,test
7579,3,train
7580,3,train
7581,3,train
7582,3,train
7583,3,train
7584,3,train
7585,3,train
7586,3,train
7587,3,train
7588,3,val
7589,3,test
7590,3,train
7591,3,val
7592,3,train
7593,3,val
7594,3,val
7595,3,train
7596,3,train
7597,3,train
7598,3,train
7599,3,test
7600,3,test
7601,3,train
7602,3,train
7603,3,train
7604,3,val
7605,3,train
7606,4,train
7607,4,train
7608,4,test
7609,4,test
7610,4,train
7611,4,train
7612,4,test
7613,4,train
7614,4,train
7615,4,train
7616,4,val
7617,4,train
7618,4,train
7619,4,train
7620,4,train
7621,4,val
7622,4,test
7623,4,train
7624,4,train
7625,4,val
7626,4,train
7627,4,train
7628,4,train
7629,4,test
7630,4,train
7631,4,train
7632,4,train
7633,4,train
7634,4,train
7635,4,val
7636,4,train
7637,4,train
7638,4,train
7639,4,val
7640,4,train
7641,4,train
7642,4,train
7643,4,train
7644,4,train
7645,4,val
7646,4,train
7647,4,train
7648,4,train
7649,4,test
7650,4,test
7651,4,train
7652,4,train
7653,4,train
7654,4,train
7655,4,val
7656,4,test
7657,4,test
7658,4,train
7659,4,train
7660,4,train
7661,4,test
7662,4,train
7663,4,train
7664,4,train
7665,4,train
7666,4,train
7667,4,train
7668,4,train
7669,4,train
7670,4,train
7671,4,val
7672,4,test
7673,4,train
7674,4,train
7675,4,val
7676,4,train
7677,4,train
7678,4,train
7679,4,test
7680,4,val
7681,4,train
7682,4,train
7683,4,test
7684,4,val
7685,4,train
7686,4,val
7687,4,train
7688,4,train
7689,4,val
7690,4,train
7691,4,val
7692,4,train
7693,4,test
7694,4,train
7695,4,val
7696,4,train
7697,4,val
7698,4,test
7699,4,train
7700,4,train
7701,4,train
7702,4,train
7703,4,train
7704,4,train
7705,4,train
7706,4,val
7707,4,train
7708,4,val
7709,4,train
7710,4,train
7711,4,val
7712,4,train
7713,4,test
7714,4,train
7715,4,train
7716,4,train
7717,4,train
7718,4,train
7719,4,train
7720,4,train
7721,4,train
7722,4,train
7723,4,train
7724,4,test
7725,4,train
7726,4,val
7727,4,train
7728,4,train
7729,4,val
7730,4,val
7731,4,val
7732,4,train
7733,4,val
7734,4,train
7735,4,train
7736,4,train
7737,4,train
7738,4,train
7739,4,test
7740,4,val
7741,4,val
7742,4,train
7743,4,test
7744,4,train
7745,4,train
7746,4,test
7747,4,train
7748,4,train
7749,4,train
7750,4,test
7751,4,train
7752,4,train
7753,4,train
7754,4,train
7755,4,train
7756,4,train
7757,4,test
7758,4,train
7759,4,train
7760,4,test
7761,4,train
7762,4,train
7763,4,train
7764,4,train
7765,4,train
7766,4,train
7767,4,test
7768,4,train
7769,4,train
7770,4,train
7771,4,train
7772,4,train
7773,4,test
7774,4,train
7775,4,train
7776,4,train
7777,4,train
7778,4,train
7779,4,train
7780,4,train
7781,4,test
7782,4,train
7783,4,test
7784,4,test
7785,4,train
7786,4,val
7787,4,train
7788,4,train
7789,4,train
7790,4,train
7791,4,train
7792,4,train
7793,4,train
7794,4,train
7795,4,train
7796,4,train
7797,4,train
7798,4,train
7799,4,train
7800,4,train
7801,4,train
7802,4,train
7803,4,test
7804,4,train
7805,4,val
7806,4,train
7807,4,train
7808,4,val
7809,4,val
7810,4,test
7811,4,train
7812,4,train
7813,4,train
7814,4,train
7815,4,train
7816,4,test
7817,4,train
7818,4,val
7819,4,test
7820,4,val
7821,4,train
7822,4,train
7823,4,train
7824,4,test
7825,4,train
7826,4,train
7827,4,train
7828,4,val
7829,4,train
7830,4,train
7831,4,train
7832,4,train
7833,4,train
7834,4,train
7835,4,val
7836,4,test
7837,4,test
7838,4,val
7839,4,train
7840,4,val
7841,4,train
7842,4,train
7843,4,train
7844,4,train
7845,4,train
7846,4,train
7847,4,train
7848,4,train
7849,4,val
7850,4,train
7851,4,train
7852,4,val
7853,4,train
7854,4,train
7855,4,train
7856,4,train
7857,4,test
7858,4,train
7859,4,train
7860,4,val
7861,4,train
7862,4,val
7863,4,train
7864,4,test
7865,4,train
7866,4,train
7867,4,test
7868,4,train
7869,4,val
7870,4,val
7871,4,val
7872,4,val
7873,4,train
7874,4,test
7875,4,train
7876,4,test
7877,4,train
7878,4,test
7879,4,train
7880,4,train
7881,4,train
7882,4,test
7883,4,train
7884,4,train
7885,4,train
7886,4,train
7887,4,train
7888,4,train
7889,4,train
7890,4,train
7891,4,val
7892,4,train
7893,4,train
7894,4,train
7895,4,train
7896,4,test
7897,4,train
7898,4,train
7899,4,train
7900,4,train
7901,4,train
7902,4,test
7903,4,train
7904,4,val
7905,4,train
7906,4,train
7907,4,train
7908,4,test
7909,4,train
7910,4,train
7911,4,val
7912,4,train
7913,4,train
7914,4,train
7915,4,test
7916,4,train
7917,4,train
7918,4,train
7919,4,test
7920,4,train
7921,4,val
7922,4,val
7923,4,test
7924,4,train
7925,4,train
7926,4,train
7927,4,train
7928,4,train
7929,4,val
7930,4,train
7931,4,test
7932,4,test
7933,4,train
7934,4,train
7935,4,train
7936,4,train
7937,4,train
7938,4,train
7939,4,train
7940,5,train
7941,5,train
7942,5,val
7943,5,train
7944,5,train
7945,5,train
7946,5,test
7947,5,train
7948,5,test
7949,5,train
7950,5,train
7951,5,train
7952,5,val
7953,5,train
7954,5,train
7955,5,test
7956,5,train
7957,5,train
7958,5,train
7959,5,train
7960,5,val
7961,5,train
7962,5,train
7963,5,val
7964,5,train
7965,5,test
7966,5,train
7967,5,train
7968,5,train
7969,5,val
7970,5,test
7971,5,test
7972,5,train
7973,5,train
7974,5,val
7975,5,test
7976,5,train
7977,5,val
7978,5,test
7979,5,train
7980,5,train
7981,5,train
7982,5,train
7983,5,train
7984,5,train
7985,5,test
7986,5,test
7987,5,val
7988,5,test
7989,5,train
7990,5,train
7991,5,train
7992,5,val
7993,5,train
7994,5,train
7995,5,test
7996,5,train
7997,5,test
7998,5,train
7999,5,train
8000,5,train
8001,5,test
8002,5,train
8003,5,train
8004,5,train
8005,5,test
8006,5,train
8007,5,test
8008,5,train
8009,5,train
8010,5,train
8011,5,train
8012,5,train
8013,5,train
8014,5,test
8015,5,train
8016,5,train
8017,5,train
8018,5,train
8019,5,train
8020,5,train
8021,5,test
8022,5,val
8023,5,train
8024,5,train
8025,5,val
8026,5,train
8027,5,train
8028,5,train
8029,5,train
8030,5,train
8031,5,val
8032,5,val
8033,5,train
8034,5,train
8035,5,train
8036,5,train
8037,5,train
8038,5,train
8039,5,test
8040,5,test
8041,5,test
8042,5,train
8043,5,train
8044,5,test
8045,5,train
8046,5,train
8047,5,train
8048,5,train
8049,5,train
8050,5,train
8051,5,test
8052,5,train
8053,5,test
8054,5,test
8055,5,train
8056,5,test
8057,5,train
8058,5,train
8059,5,train
8060,5,train
8061,5,train
8062,5,train
8063,5,val
8064,5,train
8065,5,test
8066,5,train
8067,5,train
8068,5,train
8069,5,test
8070,5,train
8071,5,val
8072,5,train
8073,5,train
8074,5,train
8075,5,train
8076,5,train
8077,5,train
8078,5,train
8079,5,test
8080,5,train
8081,5,train
8082,5,val
8083,5,train
8084,5,train
8085,5,train
8086,5,train
8087,5,val
8088,5,train
8089,5,train
8090,5,train
8091,5,train
8092,5,train
8093,5,train
8094,5,train
8095,5,train
8096,5,test
8097,5,val
8098,5,train
8099,5,train
8100,5,test
8101,5,train
8102,5,val
8103,5,train
8104,5,train
8105,5,val
8106,5,train
8107,5,val
8108,5,val
8109,5,train
8110,5,val
8111,5,test
8112,5,train
8113,5,train
8114,5,train
8115,5,test
8116,5,train
8117,5,test
8118,5,train
8119,5,train
8120,5,test
8121,5,train
8122,5,train
8123,5,train
8124,5,train
8125,5,train
8126,5,train
8127,5,train
8128,5,train
8129,5,train
8130,5,train
8131,5,train
8132,5,train
8133,5,train
8134,5,train
8135,5,train
8136,5,train
8137,5,train
8138,5,train
8139,5,val
8140,5,train
8141,5,train
8142,5,train
8143,5,test
8144,5,val
8145,5,train
8146,5,train
8147,5,train
8148,5,train
8149,5,train
8150,5,test
8151,5,train
8152,5,train
8153,5,train
8154,5,val
8155,5,train
8156,5,train
8157,5,val
8158,5,train
8159,5,train
8160,5,train
8161,5,train
8162,5,val
8163,5,train
8164,5,train
8165,5,train
8166,5,train
8167,5,train
8168,5,val
8169,5,train
8170,5,train
8171,5,train
8172,5,train
8173,5,test
8174,5,train
8175,5,test
8176,5,train
8177,5,test
8178,5,train
8179,5,val
8180,5,val
8181,5,val
8182,5,test
8183,5,train
8184,5,train
8185,5,train
8186,5,train
8187,5,train
8188,5,train
8189,5,val
8190,5,train
8191,5,train
8192,5,test
8193,5,val
8194,5,test
8195,5,val
8196,5,train
8197,5,val
8198,5,test
8199,5,test
8200,5,train
8201,5,train
8202,5,train
8203,5,train
8204,5,train
8205,5,val
8206,5,train
8207,5,train
8208,5,train
8209,5,test
8210,5,train
8211,5,train
8212,5,train
8213,5,train
8214,5,val
8215,5,test
8216,5,train
8217,5,train
8218,5,train
8219,5,train
8220,5,train
8221,5,train
8222,5,train
8223,5,val
8224,5,train
8225,5,test
8226,5,train
8227,5,train
8228,5,train
8229,5,train
8230,5,val
8231,5,test
8232,5,train
8233,5,train
8234,5,train
8235,5,train
8236,5,test
8237,5,train
8238,5,train
8239,5,train
8240,5,train
8241,5,train
8242,5,val
8243,5,train
8244,5,train
8245,5,train
8246,5,test
8247,5,train
8248,5,train
8249,5,val
8250,5,test
8251,5,train
8252,5,test
8253,5,train
8254,5,test
8255,5,train
8256,5,train
8257,5,train
8258,5,train
8259,5,test
8260,5,train
8261,5,train
8262,5,train
8263,5,train
8264,5,val
8265,5,train
8266,5,train
8267,5,train
8268,5,train
8269,5,train
8270,5,train
8271,5,train
8272,5,train
8273,5,train
8274,5,test
8275,5,val
8276,5,val
8277,5,train
8278,5,train
8279,5,train
8280,5,train
8281,5,train
8282,5,train
8283,5,train
8284,5,train
8285,5,train
8286,5,train
8287,5,val
8288,5,train
8289,5,train
8290,5,val
8291,5,test
8292,5,train
8293,5,train
8294,5,train
8295,5,train
8296,5,test
8297,5,val
8298,5,train
8299,5,train
8300,5,train
8301,5,test
8302,5,train
8303,5,train
8304,5,train
8305,5,val
8306,5,train
8307,5,train
8308,5,val
8309,5,train
8310,5,train
8311,5,train
8312,5,train
8313,5,train
8314,5,train
8315,5,train
8316,5,train
8317,5,train
8318,5,train
8319,5,val
8320,5,train
8321,5,val
8322,5,val
8323,5,test
8324,5,train
8325,5,test
8326,5,val
8327,5,train
8328,5,train
8329,5,test
8330,5,train
8331,5,train
8332,5,val
8333,5,test
8334,5,train
8335,5,train
8336,5,test
8337,5,train
8338,5,train
8339,5,train
8340,5,train
8341,5,train
8342,5,train
8343,5,test
8344,5,train
8345,5,train
8346,5,train
8347,5,train
8348,5,train
8349,5,val
8350,5,val
8351,5,train
8352,5,train
8353,5,train
8354,5,train
8355,5,train
8356,5,train
8357,5,train
8358,5,train
8359,5,val
8360,5,train
8361,5,train
8362,5,val
8363,5,train
8364,5,train
8365,5,train
8366,5,train
8367,5,train
8368,5,train
8369,5,test
8370,5,val
8371,5,val
8372,5,train
8373,5,test
8374,5,train
8375,5,train
8376,5,train
8377,5,train
8378,5,test
8379,5,train
8380,5,train
8381,5,train
8382,5,train
8383,5,train
8384,5,val
8385,5,train
8386,5,train
8387,5,val
8388,5,test
8389,5,train
8390,5,train
8391,5,val
8392,5,train
8393,5,train
8394,5,test
8395,5,train
8396,5,val
8397,5,train
8398,5,train
8399,5,train
8400,5,test
8401,5,test
8402,5,train
8403,5,train
8404,5,train
8405,5,train
8406,5,train
8407,5,train
8408,5,train
8409,5,train
8410,5,test
8411,5,train
8412,5,train
8413,5,test
8414,5,train
8415,5,train
8416,5,train
8417,5,train
8418,5,test
8419,5,train
8420,5,train
8421,5,train
8422,5,train
8423,5,train
8424,5,train
8425,5,train
8426,5,train
8427,5,train
8428,5,train
8429,5,train
8430,5,train
8431,5,train
8432,5,train
8433,5,val
8434,5,test
8435,5,train
8436,5,train
8437,5,test
8438,5,train
8439,5,val
8440,5,train
8441,5,train
8442,5,train
8443,5,val
8444,5,train
8445,5,test
8446,5,train
8447,5,train
8448,5,train
8449,5,train
8450,5,test
8451,5,train
8452,5,train
8453,5,test
8454,5,test
8455,5,train
8456,5,train
8457,5,train
8458,5,train
8459,5,test
8460,5,train
8461,5,train
8462,5,train
8463,5,val
8464,5,train
8465,5,train
8466,5,val
8467,5,train
8468,5,train
8469,5,train
8470,5,train
8471,5,val
8472,5,train
8473,5,train
8474,5,train
8475,5,test
8476,5,val
8477,5,train
8478,5,val
8479,5,test
8480,5,test
8481,5,test
8482,5,train
8483,5,train
8484,5,train
8485,5,train
8486,5,test
8487,5,train
8488,5,train
8489,5,train
8490,5,train
8491,5,train
8492,5,train
8493,5,train
8494,5,val
8495,5,val
8496,5,test
8497,5,train
8498,5,val
8499,5,train
8500,5,test
8501,5,train
8502,5,val
8503,5,train
8504,5,test
8505,5,train
8506,5,train
8507,5,train
8508,5,train
8509,5,test
8510,5,train
8511,5,train
8512,5,train
8513,5,train
8514,5,train
8515,5,test
8516,5,test
8517,5,train
8518,5,test
8519,5,test
8520,5,train
8521,5,val
8522,5,train
8523,5,val
8524,5,train
8525,5,train
8526,5,train
8527,5,train
8528,5,train
8529,5,train
8530,5,train
8531,5,train
8532,5,train
8533,5,train
8534,5,test
8535,5,train
8536,5,train
8537,5,val
8538,5,train
8539,5,train
8540,5,val
8541,5,test
8542,5,val
8543,5,val
8544,5,train
8545,5,val
8546,5,val
8547,5,train
8548,5,val
8549,5,train
8550,5,train
8551,5,train
8552,5,train
8553,5,val
8554,5,train
8555,5,val
8556,5,train
8557,5,train
8558,5,test
8559,5,val
8560,5,train
8561,5,train
8562,5,train
8563,5,train
8564,5,train
8565,5,test
8566,5,train
8567,5,test
8568,5,train
8569,5,train
8570,5,train
8571,5,test
8572,5,train
8573,5,val
8574,5,val
8575,5,train
8576,5,train
8577,5,train
8578,5,train
8579,5,train
8580,5,train
8581,5,train
8582,5,test
8583,5,train
8584,5,train
8585,5,train
8586,5,train
8587,5,train
8588,5,test
8589,5,train
8590,5,train
8591,5,val
8592,5,train
8593,5,train
8594,5,val
8595,5,train
8596,5,train
8597,5,train
8598,5,train
8599,5,train
8600,5,train
8601,5,test
8602,5,train
8603,5,val
8604,5,train
8605,5,train
8606,5,train
8607,5,train
8608,5,train
8609,5,train
8610,5,test
8611,5,train
8612,5,train
8613,5,val
8614,5,test
8615,5,test
8616,5,train
8617,5,val
8618,5,train
8619,5,train
8620,5,train
8621,5,test
8622,5,test
8623,5,train
8624,5,train
8625,5,train
8626,5,train
8627,5,train
8628,5,train
8629,5,train
8630,5,train
8631,5,test
8632,5,train
8633,5,val
8634,5,train
8635,5,train
8636,5,test
8637,5,train
8638,5,train
8639,5,train
8640,5,val
8641,5,train
8642,5,train
8643,5,train
8644,5,test
8645,5,train
8646,5,train
8647,5,test
8648,5,train
8649,5,train
8650,5,train
8651,5,train
8652,5,train
8653,5,train
8654,5,train
8655,5,train
8656,5,train
8657,5,train
8658,5,train
8659,5,test
8660,5,train
8661,5,train
8662,5,train
8663,5,train
8664,5,train
8665,5,val
8666,5,val
8667,5,train
8668,5,val
8669,5,train
8670,5,train
8671,5,val
8672,5,train
8673,5,train
8674,5,train
8675,5,train
8676,5,train
8677,5,train
8678,5,val
8679,5,train
8680,5,train
8681,5,train
8682,5,test
8683,5,train
8684,5,train
8685,5,train
8686,5,train
8687,5,train
8688,5,test
8689,5,val
8690,5,train
8691,5,train
8692,5,train
8693,5,test
8694,5,test
8695,5,train
8696,5,train
8697,5,train
8698,5,train
8699,5,train
8700,5,test
8701,5,train
8702,5,test
8703,5,val
8704,5,train
8705,5,train
8706,5,train
8707,5,test
8708,5,train
8709,5,train
8710,5,train
8711,5,train
8712,5,train
8713,5,train
8714,5,val
8715,5,train
8716,5,val
8717,5,val
8718,5,train
8719,5,train
8720,5,train
8721,5,train
8722,5,train
8723,5,train
8724,5,test
8725,5,train
8726,5,val
8727,5,train
8728,5,train
8729,5,train
8730,5,train
8731,5,train
8732,5,train
8733,5,train
8734,5,train
8735,5,train
8736,5,train
8737,5,train
8738,5,train
8739,5,train
8740,5,train
8741,5,train
8742,5,train
8743,5,train
8744,5,test
8745,5,train
8746,5,train
8747,5,val
8748,5,test
8749,5,train
8750,5,train
8751,5,test
8752,5,test
8753,5,train
8754,5,train
8755,5,train
8756,5,train
8757,5,train
8758,5,train
8759,5,train
8760,5,train
8761,5,test
8762,5,test
8763,5,train
8764,5,train
8765,5,test
8766,5,train
8767,5,train
8768,5,train
8769,5,train
8770,5,train
8771,5,train
8772,5,train
8773,5,train
8774,5,train
8775,5,train
8776,5,train
8777,5,val
8778,5,train
8779,5,train
8780,5,train
8781,5,train
8782,5,train
8783,5,train
8784,5,test
8785,5,val
8786,5,train
8787,5,train
8788,5,train
8789,5,train
8790,5,train
8791,5,train
8792,5,train
8793,5,train
8794,5,train
8795,5,train
8796,5,train
8797,5,train
8798,5,train
8799,5,train
8800,5,train
8801,5,train
8802,5,train
8803,5,val
8804,5,train
8805,5,val
8806,5,train
8807,5,train
8808,5,train
8809,5,train
8810,5,test
8811,5,val
8812,5,val
8813,5,test
8814,5,train
8815,5,train
8816,5,train
8817,5,val
8818,5,train
8819,5,train
8820,5,train
8821,5,train
8822,5,train
8823,5,train
8824,5,train
8825,5,test
8826,5,test
8827,5,val
8828,5,train
8829,5,val
8830,5,train
8831,5,val
8832,5,train
8833,5,train
8834,5,val
8835,5,val
8836,5,train
8837,5,train
8838,5,val
8839,5,train
8840,5,train
8841,5,train
8842,5,val
8843,5,train
8844,5,test
8845,5,val
8846,5,val
8847,5,train
8848,5,val
8849,5,test
8850,5,train
8851,5,test
8852,5,train
8853,5,test
8854,5,train
8855,5,train
8856,5,val
8857,5,train
8858,5,train
8859,5,train
8860,5,test
8861,5,val
8862,5,train
8863,5,train
8864,5,train
8865,5,train
8866,5,test
8867,5,train
8868,5,test
8869,5,train
8870,5,train
8871,5,train
8872,5,train
8873,5,train
8874,5,train
8875,5,train
8876,5,train
8877,5,train
8878,5,train
8879,5,train
8880,5,train
8881,5,train
8882,5,train
8883,5,train
8884,5,train
8885,5,train
8886,5,test
8887,5,train
8888,5,train
8889,5,train
8890,5,train
8891,5,train
8892,5,train
8893,5,test
8894,5,val
8895,5,train
8896,5,train
8897,5,val
8898,5,train
8899,5,test
8900,5,val
8901,5,val
8902,5,train
8903,5,train
8904,5,train
8905,5,train
8906,5,test
8907,5,train
8908,5,train
8909,5,train
8910,5,val
8911,5,val
8912,5,train
8913,5,val
8914,5,train
8915,5,train
8916,5,train
8917,5,test
8918,5,train
8919,5,val
8920,5,train
8921,5,test
8922,5,train
8923,5,train
8924,5,test
8925,5,val
8926,5,train
8927,5,train
8928,5,train
8929,5,train
8930,5,train
8931,5,train
8932,5,train
8933,5,val
8934,5,train
8935,5,train
8936,5,test
8937,5,test
8938,5,train
8939,5,train
8940,5,test
8941,5,test
8942,5,train
8943,5,val
8944,5,train
8945,5,train
8946,5,val
8947,5,train
8948,5,train
8949,5,train
8950,5,train
8951,5,train
8952,5,train
8953,5,train
8954,5,train
8955,5,train
8956,5,train
8957,5,train
8958,5,val
8959,5,train
8960,5,train
8961,5,train
8962,5,train
8963,5,train
8964,5,test
8965,5,test
8966,5,val
8967,5,train
8968,5,train
8969,5,train
8970,5,train
8971,5,train
8972,5,train
8973,5,val
8974,5,train
8975,5,test
8976,5,train
8977,5,train
8978,5,val
8979,5,train
8980,5,train
8981,5,val
8982,5,val
8983,5,val
8984,5,test
8985,5,train
8986,5,train
8987,5,train
8988,5,train
8989,5,train
8990,5,train
8991,5,test
8992,5,test
8993,5,train
8994,5,val
8995,5,test
8996,5,train
8997,5,train
8998,5,train
8999,5,val
9000,5,train
9001,5,val
9002,5,test
9003,5,train
9004,5,train
9005,5,train
9006,5,train
9007,5,train
9008,5,val
9009,5,train
9010,5,train
9011,5,train
9012,5,train
9013,5,train
9014,5,val
9015,5,test
9016,5,train
9017,5,train
9018,5,train
9019,5,train
9020,5,train
9021,5,train
9022,5,test
9023,5,train
9024,5,train
9025,5,train
9026,5,val
9027,5,train
9028,5,train
9029,5,train
9030,5,train
9031,5,train
9032,5,test
9033,5,train
9034,5,test
9035,5,train
9036,5,test
9037,5,test
9038,5,test
9039,5,train
9040,5,train
9041,5,train
9042,5,train
9043,5,train
9044,5,train
9045,5,test
9046,5,val
9047,5,train
9048,5,train
9049,5,val
9050,5,train
9051,5,train
9052,5,train
9053,5,train
9054,5,train
9055,5,test
9056,5,train
9057,5,val
9058,5,train
9059,5,train
9060,5,train
9061,5,test
9062,5,test
9063,5,train
9064,5,train
9065,5,train
9066,5,test
9067,5,val
9068,5,val
9069,5,test
9070,5,train
9071,5,train
9072,5,test
9073,5,train
9074,5,val
9075,5,test
9076,5,train
9077,5,test
9078,5,val
9079,5,train
9080,5,val
9081,5,val
9082,5,train
9083,5,train
9084,5,train
9085,5,val
9086,5,test
9087,5,train
9088,5,val
9089,5,train
9090,5,train
9091,5,val
9092,5,train
9093,5,train
9094,5,train
9095,5,train
9096,5,train
9097,5,train
9098,5,train
9099,5,train
9100,5,train
9101,5,train
9102,5,train
9103,5,train
9104,5,test
9105,5,train
9106,5,test
9107,5,train
9108,5,train
9109,5,train
9110,5,val
9111,5,val
9112,5,train
9113,5,val
9114,5,train
9115,5,train
9116,5,train
9117,5,train
9118,5,train
9119,5,train
9120,5,train
9121,5,train
9122,5,train
9123,5,train
9124,5,val
9125,5,test
9126,5,train
9127,5,train
9128,5,train
9129,5,train
9130,5,train
9131,5,train
9132,5,val
9133,5,train
9134,5,test
9135,5,test
9136,5,train
9137,5,train
9138,5,train
9139,5,train
9140,5,train
9141,5,train
9142,5,val
9143,5,train
9144,5,val
9145,5,val
9146,5,val
9147,5,train
9148,5,train
9149,5,train
9150,5,train
9151,5,test
9152,5,train
9153,5,train
9154,5,train
9155,5,train
9156,5,train
9157,5,val
9158,5,train
9159,5,train
9160,5,train
9161,5,train
9162,5,val
9163,5,train
9164,5,val
9165,5,train
9166,5,train
9167,5,val
9168,5,val
9169,5,train
9170,5,test
9171,5,train
9172,5,test
9173,5,train
9174,5,train
9175,5,test
9176,5,train
9177,5,train
9178,5,test
9179,5,test
9180,5,train
9181,5,train
9182,5,train
9183,5,train
9184,5,val
9185,5,train
9186,5,train
9187,5,train
9188,5,val
9189,5,train
9190,5,train
9191,5,train
9192,5,test
9193,5,val
9194,5,test
9195,5,train
9196,5,train
9197,5,val
9198,5,train
9199,5,val
9200,5,train
9201,5,val
9202,5,train
9203,5,val
9204,5,train
9205,5,train
9206,5,test
9207,5,train
9208,5,train
9209,5,val
9210,5,train
9211,5,val
9212,5,train
9213,5,train
9214,5,val
9215,5,train
9216,5,train
9217,5,val
9218,5,val
9219,5,train
9220,5,train
9221,5,train
9222,5,val
9223,5,train
9224,5,train
9225,5,train
9226,5,train
9227,5,train
9228,5,train
9229,5,train
9230,5,train
9231,5,train
9232,5,train
9233,5,test
9234,5,test
9235,5,train
9236,5,train
9237,5,train
9238,5,train
9239,5,val
9240,5,train
9241,5,train
9242,5,train
9243,5,train
9244,5,val
9245,5,train
9246,5,train
9247,5,train
9248,5,test
9249,5,train
9250,5,train
9251,5,val
9252,5,test
9253,5,train
9254,5,train
9255,5,train
9256,5,train
9257,5,train
9258,5,train
9259,5,train
9260,5,test
9261,5,train
9262,5,test
9263,5,test
9264,5,train
9265,5,train
9266,5,train
9267,5,train
9268,5,train
9269,5,train
9270,5,train
9271,5,train
9272,5,train
9273,5,test
9274,5,val
9275,5,train
9276,5,test
9277,5,train
9278,5,train
9279,5,train
9280,5,val
9281,5,train
9282,5,train
9283,5,train
9284,5,train
9285,5,train
9286,5,train
9287,5,val
9288,5,test
9289,5,test
9290,5,train
9291,5,train
9292,5,train
9293,5,test
9294,5,test
9295,5,train
9296,5,test
9297,5,train
9298,5,val
9299,5,test
9300,5,test
9301,5,train
9302,5,train
9303,5,train
9304,5,train
9305,5,train
9306,5,train
9307,5,train
9308,5,train
9309,5,train
9310,5,val
9311,5,train
9312,5,train
9313,5,train
9314,5,val
9315,5,train
9316,5,train
9317,5,train
9318,5,train
9319,5,test
9320,5,train
9321,5,train
9322,5,train
9323,5,val
9324,5,train
9325,5,train
9326,5,train
9327,5,val
9328,5,train
9329,5,train
9330,5,val
9331,5,test
9332,5,train
9333,5,val
9334,5,train
9335,5,test
9336,5,train
9337,5,test
9338,5,train
9339,5,train
9340,5,train
9341,5,val
9342,5,val
9343,5,train
9344,5,train
9345,5,train
9346,5,test
9347,5,train
9348,5,train
9349,5,train
9350,5,train
9351,5,test
9352,5,test
9353,5,train
9354,5,test
9355,5,val
9356,5,test
9357,5,train
9358,5,train
9359,5,train
9360,5,train
9361,5,train
9362,5,train
9363,5,train
9364,5,val
9365,5,train
9366,5,train
9367,5,train
9368,5,train
9369,5,val
9370,5,train
9371,5,train
9372,5,val
9373,5,train
9374,5,train
9375,5,train
9376,5,train
9377,5,train
9378,5,train
9379,5,val
9380,5,train
9381,5,val
9382,5,train
9383,5,train
9384,5,val
9385,5,train
9386,5,train
9387,5,val
9388,5,train
9389,5,train
9390,5,train
9391,5,train
9392,5,test
9393,5,val
9394,5,train
9395,5,train
9396,5,test
9397,5,val
9398,5,train
9399,5,val
9400,5,train
9401,5,train
9402,5,train
9403,5,train
9404,5,test
9405,5,train
9406,5,train
9407,5,val
9408,5,test
9409,5,val
9410,5,val
9411,5,train
9412,5,val
9413,5,train
9414,5,train
9415,5,train
9416,5,train
9417,5,test
9418,5,train
9419,5,train
9420,5,train
9421,5,test
9422,5,train
9423,5,train
9424,5,train
9425,5,test
9426,5,train
9427,5,test
9428,5,train
9429,5,test
9430,5,val
9431,5,val
9432,5,train
9433,5,train
9434,5,train
9435,5,train
9436,5,train
9437,5,train
9438,5,train
9439,5,train
9440,5,train
9441,5,test
9442,5,train
9443,5,train
9444,5,val
9445,5,test
9446,5,test
9447,5,test
9448,5,train
9449,5,train
9450,5,train
9451,5,train
9452,5,train
9453,5,train
9454,5,train
9455,5,test
9456,5,train
9457,5,train
9458,5,train
9459,5,val
9460,5,train
9461,5,train
9462,5,train
9463,5,train
9464,5,train
9465,5,train
9466,5,train
9467,5,train
9468,5,val
9469,5,train
9470,5,train
9471,5,train
9472,5,train
9473,5,val
9474,5,val
9475,5,val
9476,5,train
9477,5,test
9478,5,test
9479,5,train
9480,5,train
9481,5,val
9482,5,train
9483,5,train
9484,5,train
9485,5,train
9486,5,train
9487,5,val
9488,5,train
9489,5,train
9490,5,train
9491,5,val
9492,5,train
9493,5,train
9494,5,train
9495,5,test
9496,5,train
9497,5,test
9498,5,train
9499,5,test
9500,5,test
9501,5,test
9502,5,train
9503,5,train
9504,5,val
9505,5,train
9506,5,val
9507,5,val
9508,5,val
9509,5,train
9510,5,test
9511,5,val
9512,5,train
9513,5,train
9514,5,train
9515,5,train
9516,5,val
9517,5,val
9518,5,train
9519,5,train
9520,5,train
9521,5,val
9522,5,test
9523,5,train
9524,5,train
9525,5,train
9526,5,train
9527,5,train
9528,5,train
9529,5,train
9530,5,test
9531,5,train
9532,5,train
9533,5,train
9534,5,test
9535,5,train
9536,5,train
9537,5,test
9538,5,val
9539,5,train
9540,5,test
9541,5,test
9542,5,train
9543,5,test
9544,5,test
9545,5,train
9546,5,train
9547,5,train
9548,5,train
9549,5,train
9550,5,train
9551,5,train
9552,5,train
9553,5,train
9554,5,test
9555,5,test
9556,5,val
9557,5,test
9558,5,train
9559,5,train
9560,5,test
9561,5,train
9562,5,test
9563,5,train
9564,5,train
9565,5,train
9566,5,train
9567,5,train
9568,5,train
9569,5,train
9570,5,train
9571,5,train
9572,5,train
9573,5,val
9574,5,train
9575,5,test
9576,5,train
9577,5,val
9578,5,test
9579,5,train
9580,5,train
9581,5,train
9582,5,train
9583,5,train
9584,5,val
9585,5,test
9586,5,train
9587,5,train
9588,5,train
9589,5,train
9590,5,train
9591,5,val
9592,5,test
9593,5,train
9594,5,train
9595,5,train
9596,5,train
9597,5,train
9598,5,train
9599,5,train
9600,5,train
9601,5,test
9602,5,val
9603,5,test
9604,5,train
9605,5,test
9606,5,train
9607,5,test
9608,5,train
9609,5,train
9610,5,train
9611,5,train
9612,5,test
9613,5,train
9614,5,train
9615,5,val
9616,5,train
9617,5,train
9618,5,train
9619,5,test
9620,5,train
9621,5,test
9622,5,val
9623,5,train
9624,5,train
9625,5,train
9626,5,train
9627,5,train
9628,5,train
9629,5,train
9630,5,train
9631,5,train
9632,5,train
9633,5,train
9634,5,train
9635,5,train
9636,5,train
9637,5,train
9638,5,train
9639,5,test
9640,5,train
9641,5,train
9642,5,train
9643,5,val
9644,5,test
9645,5,train
9646,5,train
9647,5,train
9648,5,train
9649,5,val
9650,5,train
9651,5,train
9652,5,train
9653,5,train
9654,5,test
9655,5,train
9656,5,train
9657,5,train
9658,5,train
9659,5,train
9660,5,train
9661,5,val
9662,5,train
9663,5,train
9664,5,val
9665,5,train
9666,5,train
9667,5,val
9668,5,train
9669,5,train
9670,5,train
9671,5,train
9672,5,val
9673,5,val
9674,5,val
9675,5,train
9676,5,train
9677,5,val
9678,5,train
9679,5,test
9680,5,train
9681,5,train
9682,5,train
9683,5,train
9684,5,train
9685,5,test
9686,5,train
9687,5,train
9688,5,train
9689,5,train
9690,5,train
9691,5,test
9692,5,test
9693,5,test
9694,5,train
9695,5,val
9696,5,train
9697,5,train
9698,5,val
9699,5,train
9700,5,val
9701,5,train
9702,5,train
9703,5,train
9704,5,train
9705,5,train
9706,5,train
9707,5,train
9708,5,train
9709,5,train
9710,5,train
9711,5,train
9712,5,train
9713,5,train
9714,5,train
9715,5,train
9716,5,train
9717,5,val
9718,5,train
9719,5,test
9720,5,val
9721,5,train
9722,5,test
9723,5,val
9724,5,train
9725,5,train
9726,5,train
9727,5,train
9728,5,train
9729,5,train
9730,5,train
9731,5,train
9732,5,train
9733,5,train
9734,5,test
9735,5,train
9736,5,train
9737,5,val
9738,5,test
9739,5,train
9740,5,train
9741,5,train
9742,5,test
9743,5,train
9744,5,train
9745,5,val
9746,5,val
9747,5,train
9748,5,train
9749,5,train
9750,5,train
9751,5,train
9752,5,train
9753,5,train
9754,5,val
9755,5,val
9756,5,val
9757,5,train
9758,5,train
9759,5,train
9760,5,train
9761,5,test
9762,5,train
9763,5,test
9764,5,test
9765,5,train
9766,5,train
9767,5,train
9768,5,train
9769,5,train
9770,5,val
9771,5,train
9772,5,val
9773,5,train
9774,5,train
9775,5,test
9776,5,test
9777,5,val
9778,5,train
9779,5,val
9780,5,train
9781,5,train
9782,5,val
9783,5,train
9784,5,test
9785,5,test
9786,5,train
9787,5,train
9788,5,val
9789,5,test
9790,5,train
9791,5,train
9792,5,train
9793,5,train
9794,5,val
9795,5,train
9796,5,train
9797,5,train
9798,5,val
9799,5,test
9800,5,test
9801,5,train
9802,5,train
9803,5,val
9804,5,train
9805,5,train
9806,5,train
9807,5,train
9808,5,val
9809,5,train
9810,5,test
9811,5,train
9812,5,val
9813,5,val
9814,5,train
9815,5,train
9816,5,train
9817,5,train
9818,5,train
9819,5,train
9820,5,train
9821,5,train
9822,5,train
9823,5,val
9824,5,train
9825,5,train
9826,5,train
9827,5,train
9828,5,train
9829,5,train
9830,5,train
9831,5,train
9832,5,test
9833,5,train
9834,5,train
9835,5,val
9836,5,train
9837,5,train
9838,5,train
9839,5,train
9840,5,train
9841,5,val
9842,5,train
9843,5,train
9844,5,train
9845,5,train
9846,5,train
9847,5,train
9848,5,train
9849,5,train
9850,5,val
9851,5,train
9852,5,train
9853,5,train
9854,5,train
9855,5,train
9856,5,train
9857,5,train
9858,5,test
9859,5,train
9860,5,test
9861,5,test
9862,5,train
9863,5,train
9864,5,val
9865,5,train
9866,5,train
9867,5,test
9868,5,train
9869,5,train
9870,5,val
9871,5,train
9872,5,train
9873,5,train
9874,5,train
9875,5,train
9876,5,train
9877,5,train
9878,5,train
9879,5,train
9880,5,train
9881,5,val
9882,5,val
9883,5,test
9884,5,train
9885,5,test
9886,5,train
9887,5,test
9888,5,train
9889,5,train
9890,5,train
9891,5,test
9892,5,train
9893,5,train
9894,5,train
9895,5,val
9896,5,train
9897,5,val
9898,5,train
9899,5,test
9900,5,train
9901,5,train
9902,5,train
9903,5,train
9904,5,train
9905,5,val
9906,5,train
9907,5,val
9908,5,val
9909,5,train
9910,5,train
9911,5,train
9912,5,train
9913,5,test
9914,5,train
9915,5,val
9916,5,test
9917,5,train
9918,5,train
9919,5,test
9920,5,train
9921,5,train
9922,5,train
9923,5,train
9924,5,test
9925,5,train
9926,5,train
9927,5,train
9928,5,test
9929,5,train
9930,5,train
9931,5,train
9932,5,train
9933,5,train
9934,5,val
9935,5,train
9936,5,train
9937,5,train
9938,5,train
9939,5,train
9940,5,train
9941,5,train
9942,5,train
9943,5,train
9944,5,train
9945,5,train
9946,5,train
9947,5,train
9948,5,val
9949,5,train
9950,5,train
9951,5,train
9952,5,train
9953,5,val
9954,5,train
9955,5,train
9956,5,test
9957,5,train
9958,5,val
9959,5,val
9960,5,train
9961,5,train
9962,5,train
9963,5,val
9964,5,train
9965,5,train
9966,5,train
9967,5,val
9968,5,train
9969,5,test
9970,5,test
9971,5,train
9972,5,train
9973,5,train
9974,5,test
9975,5,test
9976,5,train
9977,5,val
9978,5,test
9979,5,train
9980,5,train
9981,5,train
9982,5,val
9983,6,train
9984,6,train
9985,6,train
9986,6,train
9987,6,train
9988,6,test
9989,6,train
9990,6,train
9991,6,train
9992,6,train
9993,6,test
9994,6,train
9995,6,test
9996,6,train
9997,6,train
9998,6,val
9999,6,train
10000,6,train
10001,6,train
10002,6,train
10003,6,train
10004,6,train
10005,6,train
10006,6,train
10007,6,train
10008,6,train
10009,6,train
10010,6,val
10011,6,train
10012,6,test
10013,6,train
10014,6,train
10015,6,train
10016,6,train
10017,6,train
10018,6,train
10019,6,train
10020,6,train
10021,6,train
10022,6,train
10023,6,train
10024,6,train
10025,6,train
10026,6,train
10027,6,train
10028,6,train
10029,6,train
10030,6,train
10031,6,val
10032,6,train
10033,6,train
10034,6,train
10035,6,train
10036,6,train
10037,6,train
10038,6,train
10039,6,train
10040,6,val
10041,6,train
10042,6,test
10043,6,val
10044,6,train
10045,6,train
10046,6,train
10047,6,val
10048,6,train
10049,6,train
10050,6,train
10051,6,train
10052,6,train
10053,6,train
10054,6,train
10055,6,test
10056,6,train
10057,6,train
10058,6,train
10059,6,val
10060,6,train
10061,6,train
10062,6,train
10063,6,train
10064,6,test
10065,6,train
10066,6,train
10067,6,train
10068,6,test
10069,6,train
10070,6,train
10071,6,train
10072,6,val
10073,6,val
10074,6,test
10075,6,test
10076,6,val
10077,6,train
10078,6,train
10079,6,train
10080,6,val
10081,6,train
10082,6,train
10083,6,test
10084,6,train
10085,6,train
10086,6,train
10087,6,test
10088,6,val
10089,6,test
10090,6,train
10091,6,test
10092,6,train
10093,6,train
10094,6,train
10095,6,train
10096,6,train
10097,6,train
10098,6,val
10099,6,train
10100,6,test
10101,6,train
10102,6,train
10103,6,train
10104,6,test
10105,6,test
10106,6,test
10107,6,train
10108,6,train
10109,6,train
10110,6,train
10111,6,train
10112,6,train
10113,6,test
10114,6,val
10115,6,train
10116,6,train
10117,6,train
10118,6,val
10119,6,train
10120,6,train
10121,6,train
10122,6,train
10123,6,train
10124,6,train
10125,6,val
10126,6,val
10127,6,train
10128,6,train
10129,6,train
10130,6,train
10131,6,test
10132,6,train
10133,6,train
10134,6,train
10135,6,train
10136,6,train
10137,6,train
10138,6,val
10139,6,train
10140,6,train
10141,6,train
10142,6,val
10143,6,val
10144,6,train
10145,6,train
10146,6,val
10147,6,train
10148,6,train
10149,6,train
10150,6,train
10151,6,train
10152,6,val
10153,6,train
10154,6,train
10155,6,train
10156,6,val
10157,6,train
10158,6,train
10159,6,train
10160,6,train
10161,6,train
10162,6,test
10163,6,train
10164,6,train
10165,6,train
10166,6,val
10167,6,train
10168,6,train
10169,6,test
10170,6,train
10171,6,train
10172,6,train
10173,6,train
10174,6,test
10175,6,train
10176,6,train
10177,6,train
10178,6,train
10179,6,train
10180,6,train
10181,6,train
10182,6,train
10183,6,train
10184,6,train
10185,6,test
10186,6,test
10187,6,val
10188,6,val
10189,6,val
10190,6,test
10191,6,val
10192,6,train
10193,6,test
10194,6,train
10195,6,train
10196,6,train
10197,6,train
10198,6,train
10199,6,val
10200,6,test
10201,6,train
10202,6,train
10203,6,train
10204,6,train
10205,6,train
10206,6,train
10207,6,train
10208,6,train
10209,6,train
10210,6,train
10211,6,train
10212,6,train
10213,6,train
10214,6,train
10215,6,train
10216,6,train
10217,6,train
10218,6,train
10219,6,train
10220,6,train
10221,6,train
10222,6,train
10223,6,train
10224,6,train
10225,6,train
10226,6,test
10227,6,train
10228,6,train
10229,6,train
10230,6,val
10231,6,train
10232,6,train
10233,6,train
10234,6,train
10235,6,test
10236,6,val
10237,6,train
10238,6,train
10239,6,test
10240,6,train
10241,6,train
10242,6,val
10243,6,train
10244,6,train
10245,6,train
10246,6,train
10247,6,train
10248,6,train
10249,6,train
10250,6,val
10251,6,train
10252,6,val
10253,6,test
10254,6,train
10255,6,val
10256,6,test
10257,6,train
10258,6,train
10259,6,train
10260,6,test
10261,6,train
10262,6,train
10263,6,train
10264,6,train
10265,6,train
10266,6,val
10267,6,val
10268,6,val
10269,6,test
10270,6,train
10271,6,train
10272,6,val
10273,6,val
10274,6,val
10275,6,train
10276,6,train
10277,6,test
10278,6,test
10279,6,val
10280,6,train
10281,6,test
10282,6,train
10283,6,train
10284,6,train
10285,6,train
10286,6,train
10287,6,val
10288,6,train
10289,6,train
10290,6,train
10291,6,train
10292,6,val
10293,6,train
10294,6,train
10295,6,test
10296,6,train
10297,6,train
10298,6,train
10299,6,test
10300,6,train
10301,6,train
10302,6,train
10303,6,train
10304,6,train
10305,6,test
10306,6,test
10307,6,test
10308,6,train
10309,6,test
10310,6,train
10311,6,train
10312,6,test
10313,6,val
10314,6,test
10315,6,train
10316,6,val
10317,6,train
10318,6,train
10319,6,val
10320,6,train
10321,6,train
10322,6,train
10323,6,val
10324,6,val
10325,6,train
10326,6,val
10327,6,train
10328,6,test
10329,6,train
10330,6,train
10331,6,train
10332,6,train
10333,6,test
10334,6,train
10335,6,test
10336,6,train
10337,6,train
10338,6,test
10339,6,train
10340,6,train
10341,6,test
10342,6,train
10343,6,val
10344,6,test
10345,6,train
10346,6,train
10347,6,test
10348,6,val
10349,6,val
10350,6,train
10351,6,train
10352,6,train
10353,6,train
10354,6,train
10355,6,test
10356,6,train
10357,6,train
10358,6,test
10359,6,train
10360,6,val
10361,6,val
10362,6,val
10363,6,test
10364,6,test
10365,6,train
10366,6,test
10367,6,train
10368,6,train
10369,6,train
10370,6,train
10371,6,train
10372,6,test
10373,6,train
10374,6,train
10375,6,test
10376,6,val
10377,6,train
10378,6,train
10379,6,train
10380,6,train
10381,6,train
10382,6,train
10383,6,val
10384,6,train
10385,6,train
10386,6,train
10387,6,train
10388,6,train
10389,6,train
10390,6,train
10391,6,train
10392,6,train
10393,6,test
10394,6,test
10395,6,train
10396,6,train
10397,6,train
10398,6,train
10399,6,train
10400,6,train
10401,6,val
10402,6,train
10403,6,train
10404,6,train
10405,6,train
10406,6,train
10407,6,train
10408,6,train
10409,6,train
10410,6,train
10411,6,val
10412,6,train
10413,6,train
10414,6,train
10415,6,test
10416,6,train
10417,6,train
10418,6,train
10419,6,val
10420,6,train
10421,6,train
10422,6,train
10423,6,val
10424,6,test
10425,6,train
10426,6,val
10427,6,train
10428,6,train
10429,6,test
10430,6,train
10431,6,train
10432,6,val
10433,6,val
10434,6,train
10435,6,val
10436,6,train
10437,6,train
10438,6,val
10439,6,val
10440,6,train
10441,6,train
10442,6,train
10443,6,train
10444,6,train
10445,6,val
10446,6,train
10447,6,val
10448,6,test
10449,6,train
10450,6,test
10451,6,train
10452,6,train
10453,6,val
10454,6,train
10455,6,train
10456,6,train
10457,6,val
10458,6,train
10459,6,train
10460,6,train
10461,6,train
10462,6,train
10463,6,train
10464,6,test
10465,6,train
10466,6,train
10467,6,train
10468,6,train
10469,6,train
10470,6,val
10471,6,train
10472,6,train
10473,6,val
10474,6,test
10475,6,train
10476,6,val
10477,6,val
10478,6,train
10479,6,train
10480,6,val
10481,6,train
10482,6,train
10483,6,train
10484,6,train
10485,6,train
10486,6,train
10487,6,val
10488,6,train
10489,6,train
10490,6,val
10491,6,train
10492,6,test
10493,6,train
10494,6,train
10495,6,train
10496,6,train
10497,6,train
10498,6,train
10499,6,train
10500,6,train
10501,6,train
10502,6,train
10503,6,train
10504,6,train
10505,6,val
10506,6,train
10507,6,train
10508,6,train
10509,6,train
10510,6,val
10511,6,train
10512,6,train
10513,6,train
10514,6,train
10515,6,train
10516,6,train
10517,6,train
10518,6,train
10519,6,train
10520,6,test
10521,6,test
10522,6,val
10523,6,train
10524,6,train
10525,6,test
10526,6,val
10527,6,train
10528,6,train
10529,6,val
10530,6,train
10531,6,test
10532,6,test
10533,6,train
10534,6,train
10535,6,train
10536,6,train
10537,6,val
10538,6,train
10539,6,train
10540,6,train
10541,6,train
10542,6,train
10543,6,train
10544,6,train
10545,6,train
10546,6,train
10547,6,train
10548,6,train
10549,6,val
10550,6,test
10551,6,test
10552,6,train
10553,6,train
10554,6,train
10555,6,train
10556,6,train
10557,6,test
10558,6,val
10559,6,test
10560,6,train
10561,6,train
10562,6,test
10563,6,train
10564,6,train
10565,6,train
10566,6,train
10567,6,test
10568,6,val
10569,6,train
10570,6,train
10571,6,train
10572,6,test
10573,6,test
10574,6,train
10575,6,train
10576,6,train
10577,6,train
10578,6,train
10579,6,train
10580,6,train
10581,6,train
10582,6,test
10583,6,test
10584,6,train
10585,6,train
10586,6,test
10587,6,train
10588,6,train
10589,6,train
10590,6,train
10591,6,train
10592,6,train
10593,6,train
10594,6,train
10595,6,train
10596,6,train
10597,6,val
10598,6,train
10599,6,train
10600,6,train
10601,6,train
10602,6,train
10603,6,val
10604,6,train
10605,6,train
10606,6,train
10607,6,train
10608,6,val
10609,6,train
10610,6,train
10611,6,train
10612,6,train
10613,6,test
10614,6,train
10615,6,train
10616,6,val
10617,6,train
10618,6,train
10619,6,train
10620,6,val
10621,6,train
10622,6,train
10623,6,train
10624,6,train
10625,6,train
10626,6,train
10627,6,train
10628,6,train
10629,6,train
10630,6,train
10631,6,train
10632,6,train
10633,6,val
10634,6,train
10635,6,train
10636,6,train
10637,6,train
10638,6,train
10639,6,val
10640,6,train
10641,6,test
10642,6,train
10643,6,train
10644,6,val
10645,6,val
10646,6,test
10647,6,train
10648,6,train
10649,6,train
10650,6,test
10651,6,train
10652,6,train
10653,6,train
10654,6,val
10655,6,test
10656,6,val
10657,6,train
10658,6,val
10659,6,test
10660,6,train
10661,6,val
10662,6,train
10663,6,test
10664,6,train
10665,6,val
10666,6,train
10667,6,train
10668,6,train
10669,6,train
10670,6,train
10671,6,train
10672,6,train
10673,6,val
10674,6,train
10675,6,train
10676,6,train
10677,6,train
10678,6,val
10679,6,train
10680,6,test
10681,6,train
10682,6,train
10683,6,train
10684,6,val
10685,6,train
10686,6,train
10687,6,train
10688,6,train
10689,6,train
10690,6,test
10691,6,train
10692,6,test
10693,6,train
10694,6,test
10695,6,train
10696,6,train
10697,6,train
10698,6,train
10699,6,train
10700,6,train
10701,6,test
10702,6,train
10703,6,train
10704,6,train
10705,6,train
10706,6,train
10707,6,train
10708,6,test
10709,6,val
10710,6,train
10711,6,train
10712,6,train
10713,6,train
10714,6,train
10715,6,train
10716,6,train
10717,6,test
10718,6,test
10719,6,test
10720,6,train
10721,6,train
10722,6,train
10723,6,train
10724,6,train
10725,6,test
10726,6,val
10727,6,val
10728,6,val
10729,6,test
10730,6,train
10731,6,train
10732,6,train
10733,6,train
10734,6,train
10735,6,val
10736,6,test
10737,6,train
10738,6,train
10739,6,train
10740,6,val
10741,6,train
10742,6,train
10743,6,test
10744,6,train
10745,6,val
10746,6,train
10747,6,train
10748,6,train
10749,6,val
10750,6,train
10751,6,train
10752,6,test
10753,6,train
10754,6,val
10755,6,train
10756,6,test
10757,6,train
10758,6,train
10759,6,train
10760,6,test
10761,6,train
10762,6,train
10763,6,test
10764,6,test
10765,6,test
10766,6,train
10767,6,train
10768,6,train
10769,6,test
10770,6,val
10771,6,test
10772,6,train
10773,6,train
10774,6,train
10775,6,train
10776,6,test
10777,6,test
10778,6,val
10779,6,train
10780,6,test
10781,6,train
10782,6,test
10783,6,val
10784,6,train
10785,6,test
10786,6,train
10787,6,train
10788,6,train
10789,6,train
10790,6,train
10791,6,test
10792,6,train
10793,6,val
10794,6,train
10795,6,train
10796,6,train
10797,6,train
10798,6,train
10799,6,train
10800,6,train
10801,6,train
10802,6,train
10803,6,train
10804,6,train
10805,6,train
10806,6,train
10807,6,test
10808,6,train
10809,6,train
10810,6,train
10811,6,train
10812,6,train
10813,6,train
10814,6,train
10815,6,train
10816,6,train
10817,6,val
10818,6,test
10819,6,train
10820,6,test
10821,6,test
10822,6,train
10823,6,train
10824,6,train
10825,6,val
10826,6,train
10827,6,train
10828,6,val
10829,6,train
10830,6,train
10831,6,train
10832,6,train
10833,6,train
10834,6,train
10835,6,train
10836,6,train
10837,6,train
10838,6,train
10839,6,train
10840,6,train
10841,6,train
10842,6,test
10843,6,train
10844,6,train
10845,6,train
10846,6,train
10847,6,val
10848,6,test
10849,6,train
10850,6,train
10851,6,test
10852,6,train
10853,6,test
10854,6,val
10855,6,train
10856,6,test
10857,6,test
10858,6,train
10859,6,train
10860,6,val
10861,6,val
10862,6,val
10863,6,train
10864,6,train
10865,6,val
10866,6,train
10867,6,train
10868,6,test
10869,6,test
10870,6,train
10871,6,train
10872,6,train
10873,6,val
10874,6,train
10875,6,train
10876,6,train
10877,6,train
10878,6,train
10879,6,val
10880,6,train
10881,6,test
10882,6,train
10883,6,train
10884,6,train
10885,6,train
10886,6,train
10887,6,test
10888,6,train
10889,6,test
10890,6,train
10891,6,train
10892,6,test
10893,6,train
10894,6,train
10895,6,train
10896,6,train
10897,6,train
10898,6,val
10899,6,val
10900,6,train
10901,6,train
10902,6,val
10903,6,train
10904,6,train
10905,6,train
10906,6,train
10907,6,test
10908,6,train
10909,6,val
10910,6,val
10911,6,train
10912,6,train
10913,6,train
10914,6,train
10915,6,train
10916,6,test
10917,6,train
10918,6,val
10919,6,train
10920,6,train
10921,6,train
10922,6,test
10923,6,train
10924,6,train
10925,6,train
10926,6,train
10927,6,val
10928,6,train
10929,6,val
10930,6,train
10931,6,train
10932,6,train
10933,6,val
10934,6,val
10935,6,val
10936,6,train
10937,6,train
10938,6,test
10939,6,train
10940,6,train
10941,6,train
10942,6,val
10943,6,val
10944,6,train
10945,6,train
10946,6,train
10947,6,train
10948,6,train
10949,6,train
10950,6,train
10951,6,train
10952,6,val
10953,6,train
10954,6,train
10955,6,train
10956,6,test
10957,6,train
10958,6,train
10959,6,val
10960,6,train
10961,6,val
10962,6,train
10963,6,test
10964,6,train
10965,6,val
10966,6,train
10967,6,train
10968,6,test
10969,6,test
10970,6,test
10971,6,test
10972,6,train
10973,6,test
10974,6,train
10975,6,train
10976,6,val
10977,6,train
10978,6,train
10979,6,train
10980,6,train
10981,6,train
10982,6,train
10983,6,train
10984,6,train
10985,6,val
10986,6,train
10987,6,test
10988,6,train
10989,6,train
10990,6,train
10991,6,test
10992,6,test
10993,6,train
10994,6,train
10995,6,train
10996,6,train
10997,6,test
10998,6,train
10999,6,val
11000,6,train
11001,6,train
11002,6,test
11003,6,train
11004,6,train
11005,6,val
11006,6,val
11007,6,train
11008,6,train
11009,6,train
11010,6,val
11011,6,train
11012,6,train
11013,6,train
11014,6,train
11015,6,train
11016,6,test
11017,6,train
11018,6,train
11019,6,test
11020,6,train
11021,6,test
11022,6,train
11023,6,test
11024,6,train
11025,6,train
11026,6,val
11027,6,train
11028,6,train
11029,6,test
11030,6,train
11031,6,train
11032,6,train
11033,6,train
11034,6,test
11035,6,train
11036,6,val
11037,6,test
11038,6,train
11039,6,train
11040,6,train
11041,6,train
11042,6,train
11043,6,train
11044,6,train
11045,6,train
11046,6,train
11047,6,train
11048,6,train
11049,6,train
11050,6,test
11051,6,train
11052,6,test
11053,6,test
11054,6,train
11055,6,train
11056,6,train
11057,6,test
11058,6,test
11059,6,test
11060,6,test
11061,6,train
11062,6,test
11063,6,train
11064,6,test
11065,6,train
11066,6,train
11067,6,train
11068,6,val
11069,6,train
11070,6,train
11071,6,train
11072,6,train
11073,6,test
11074,6,val
11075,6,val
11076,6,val
11077,6,train
11078,6,train
11079,6,test
11080,6,train
11081,6,train
11082,6,test
11083,6,train
11084,6,train
11085,6,val
11086,6,train
11087,6,val
11088,6,train
11089,6,test
11090,6,train
11091,6,train
11092,6,train
11093,6,train
11094,6,val
11095,6,test
11096,6,train
11097,6,val
11098,6,train
11099,6,val
11100,6,train
11101,6,train
11102,6,test
11103,6,train
11104,6,train
11105,6,test
11106,6,val
11107,6,train
11108,6,train
11109,6,test
11110,6,test
11111,6,train
11112,6,val
11113,6,train
11114,6,train
11115,6,test
11116,6,train
11117,6,test
11118,6,train
11119,6,train
11120,6,test
11121,6,train
11122,6,val
11123,6,train
11124,6,train
11125,6,train
11126,6,val
11127,6,train
11128,6,train
11129,6,val
11130,6,val
11131,6,val
11132,6,train
11133,6,train
11134,6,val
11135,6,train
11136,6,train
11137,6,train
11138,6,train
11139,6,val
11140,6,train
11141,6,test
11142,6,train
11143,6,train
11144,6,train
11145,6,train
11146,6,train
11147,6,train
11148,6,train
11149,6,train
11150,6,train
11151,6,train
11152,6,test
11153,6,train
11154,6,train
11155,6,train
11156,6,train
11157,6,train
11158,6,train
11159,6,train
11160,6,train
11161,6,train
11162,6,test
11163,6,val
11164,6,test
11165,6,train
11166,6,train
11167,6,train
11168,6,train
11169,6,test
11170,6,val
11171,6,val
11172,6,train
11173,6,train
11174,6,test
11175,6,test
11176,6,train
11177,6,train
11178,6,train
11179,6,train
11180,6,train
11181,6,val
11182,6,train
11183,6,train
11184,6,train
11185,6,train
11186,6,train
11187,6,train
11188,6,train
11189,6,train
11190,6,train
11191,6,val
11192,6,test
11193,6,test
11194,6,train
11195,6,test
11196,6,train
11197,6,train
11198,6,test
11199,6,train
11200,6,test
11201,6,train
11202,6,val
11203,6,train
11204,6,train
11205,6,test
11206,6,train
11207,6,train
11208,6,train
11209,6,train
11210,6,train
11211,6,train
11212,6,train
11213,6,train
11214,6,train
11215,6,train
11216,6,test
11217,6,test
11218,6,train
11219,6,train
11220,6,train
11221,6,test
11222,6,train
11223,6,train
11224,6,train
11225,6,train
11226,6,val
11227,6,test
11228,6,test
11229,6,val
11230,6,train
11231,6,test
11232,6,train
11233,6,train
11234,6,val
11235,6,test
11236,6,train
11237,6,train
11238,6,train
11239,6,train
11240,6,test
11241,6,train
11242,6,train
11243,6,train
11244,6,test
11245,6,train
11246,6,test
11247,6,val
11248,6,train
11249,6,train
11250,6,val
11251,6,train
11252,6,train
11253,6,train
11254,6,train
11255,6,train
11256,6,train
11257,6,train
11258,6,train
11259,6,test
11260,6,train
11261,6,train
11262,6,train
11263,6,train
11264,6,train
11265,6,val
11266,6,train
11267,6,test
11268,6,train
11269,6,train
11270,6,train
11271,6,train
11272,6,test
11273,6,train
11274,6,train
11275,6,test
11276,6,train
11277,6,train
11278,6,train
11279,6,test
11280,6,train
11281,6,train
11282,6,test
11283,6,train
11284,6,val
11285,6,val
11286,6,test
11287,6,val
11288,6,train
11289,6,train
11290,6,val
11291,6,val
11292,6,train
11293,6,val
11294,6,test
11295,6,train
11296,6,train
11297,6,train
11298,6,train
11299,6,train
11300,6,test
11301,6,train
11302,6,train
11303,6,test
11304,6,train
11305,6,train
11306,6,train
11307,6,val
11308,6,train
11309,6,train
11310,6,train
11311,6,train
11312,6,train
11313,6,train
11314,6,train
11315,6,test
11316,6,train
11317,6,train
11318,6,train
11319,6,train
11320,6,train
11321,6,train
11322,6,train
11323,6,train
11324,6,train
11325,6,train
11326,6,train
11327,6,test
11328,6,train
11329,6,val
11330,6,train
11331,6,val
11332,6,train
11333,6,val
11334,6,test
11335,6,test
11336,6,train
11337,6,train
11338,6,train
11339,6,train
11340,6,test
11341,6,test
11342,6,train
11343,6,train
11344,6,train
11345,6,test
11346,6,val
11347,6,train
11348,6,test
11349,6,train
11350,6,train
11351,6,train
11352,6,train
11353,6,val
11354,6,train
11355,6,test
11356,6,train
11357,6,test
11358,6,train
11359,6,train
11360,6,train
11361,6,train
11362,6,train
11363,6,val
11364,6,val
11365,6,val
11366,6,val
11367,6,train
11368,6,train
11369,6,train
11370,6,train
11371,6,train
11372,6,train
11373,6,train
11374,6,train
11375,6,val
11376,6,val
11377,6,train
11378,6,train
11379,6,val
11380,6,train
11381,6,test
11382,6,train
11383,6,train
11384,6,train
11385,6,train
11386,6,test
11387,6,train
11388,6,train
11389,6,train
11390,6,train
11391,6,train
11392,6,val
11393,6,train
11394,6,train
11395,6,train
11396,6,train
11397,6,val
11398,6,val
11399,6,train
11400,6,train
11401,6,train
11402,6,val
11403,6,train
11404,6,val
11405,6,train
11406,6,val
11407,6,train
11408,6,train
11409,6,test
11410,6,val
11411,6,val
11412,6,train
11413,6,train
11414,6,train
11415,6,test
11416,6,train
11417,6,train
11418,6,train
11419,6,val
11420,6,train
11421,6,train
11422,6,train
11423,6,train
11424,6,train
11425,6,train
11426,6,train
11427,6,val
11428,6,val
11429,6,val
11430,6,train
11431,6,val
11432,6,train
11433,6,train
11434,6,test
11435,6,train
11436,6,train
11437,6,test
11438,6,train
11439,6,train
11440,6,train
11441,6,test
11442,6,test
11443,6,train
11444,6,train
11445,6,train
11446,6,val
11447,6,train
11448,6,train
11449,6,train
11450,6,train
11451,6,train
11452,6,train
11453,6,test
11454,6,train
11455,6,val
11456,6,train
11457,6,val
11458,6,train
11459,6,train
11460,6,train
11461,6,val
11462,6,train
11463,6,train
11464,6,train
11465,6,val
11466,6,train
11467,6,train
11468,6,train
11469,6,test
11470,6,val
11471,6,train
11472,6,train
11473,6,train
11474,6,train
11475,6,train
11476,6,train
11477,6,val
11478,6,test
11479,6,train
11480,6,train
11481,6,train
11482,6,train
11483,6,train
11484,6,train
11485,6,train
11486,6,test
11487,6,train
11488,6,test
11489,6,train
11490,6,train
11491,6,val
11492,6,train
11493,6,train
11494,6,val
11495,6,train
11496,6,val
11497,6,val
11498,6,train
11499,6,train
11500,6,train
11501,6,train
11502,6,test
11503,6,val
11504,6,train
11505,6,train
11506,6,train
11507,6,train
11508,6,train
11509,6,test
11510,6,test
11511,6,train
11512,6,val
11513,6,train
11514,6,train
11515,6,train
11516,6,train
11517,6,train
11518,6,train
11519,6,train
11520,6,val
11521,6,train
11522,6,train
11523,6,train
11524,6,train
11525,6,train
11526,6,test
11527,6,val
11528,6,test
11529,6,train
11530,6,train
11531,6,train
11532,6,train
11533,6,train
11534,6,test
11535,6,val
11536,6,train
11537,6,train
11538,6,train
11539,6,train
11540,6,train
11541,6,test
11542,6,train
11543,6,train
11544,6,test
11545,6,train
11546,6,train
11547,6,train
11548,6,train
11549,6,val
11550,6,train
11551,6,train
11552,6,train
11553,6,val
11554,6,train
11555,6,train
11556,6,train
11557,6,train
11558,6,train
11559,6,train
11560,6,train
11561,6,train
11562,6,train
11563,6,train
11564,6,train
11565,6,train
11566,6,test
11567,6,train
11568,6,val
11569,6,train
11570,6,train
11571,6,train
11572,6,train
11573,6,train
11574,6,val
11575,6,train
11576,6,train
11577,6,train
11578,6,val
11579,6,test
11580,6,test
11581,6,train
11582,6,train
11583,6,train
11584,6,val
11585,6,train
11586,6,test
11587,6,train
11588,6,test
11589,6,train
11590,6,test
11591,6,val
11592,6,test
11593,6,train
11594,6,val
11595,6,val
11596,6,test
11597,6,train
11598,6,test
11599,6,train
11600,6,train
11601,6,val
11602,6,val
11603,6,val
11604,6,train
11605,6,train
11606,6,train
11607,6,val
11608,6,test
11609,6,train
11610,6,train
11611,6,train
11612,6,train
11613,6,train
11614,6,train
11615,6,train
11616,6,val
11617,6,val
11618,6,train
11619,6,val
11620,6,train
11621,6,train
11622,6,train
11623,6,train
11624,6,train
11625,6,train
11626,6,train
11627,6,train
11628,6,train
11629,6,train
11630,6,val
11631,6,train
11632,6,train
11633,6,train
11634,6,train
11635,6,val
11636,6,train
11637,6,train
11638,6,train
11639,6,train
11640,6,train
11641,6,test
11642,6,train
11643,6,test
11644,6,train
11645,6,train
11646,6,test
11647,6,train
11648,6,val
11649,6,train
11650,6,train
11651,6,train
11652,6,train
11653,6,val
11654,6,train
11655,6,train
11656,6,test
11657,6,train
11658,6,train
11659,6,train
11660,6,test
11661,6,train
11662,6,train
11663,6,train
11664,6,val
11665,6,train
11666,6,train
11667,6,train
11668,6,train
11669,6,train
11670,6,train
11671,6,train
11672,6,train
11673,6,train
11674,6,train
11675,6,train
11676,6,train
11677,6,train
11678,6,test
11679,6,test
11680,6,test
11681,6,val
11682,6,val
11683,6,train
11684,6,val
11685,6,train
11686,6,train
11687,6,train
11688,6,val
11689,6,train
11690,6,train
11691,6,train
11692,6,val
11693,6,train
11694,6,test
11695,6,val
11696,6,train
11697,6,train
11698,6,train
11699,6,train
11700,6,test
11701,6,train
11702,6,train
11703,6,test
11704,6,train
11705,6,train
11706,6,train
11707,6,train
11708,6,train
11709,6,train
11710,6,train
11711,6,val
11712,6,train
11713,6,train
11714,6,train
11715,6,train
11716,6,train
11717,6,train
11718,6,test
11719,6,train
11720,6,train
11721,6,val
11722,6,train
11723,6,val
11724,6,train
11725,6,train
11726,6,val
11727,6,train
11728,6,train
11729,6,train
11730,6,train
11731,6,test
11732,6,train
11733,6,train
11734,6,test
11735,6,train
11736,6,train
11737,6,train
11738,6,val
11739,6,train
11740,6,train
11741,6,val
11742,6,train
11743,6,train
11744,6,train
11745,6,train
11746,6,val
11747,6,train
11748,6,train
11749,6,train
11750,6,train
11751,6,train
11752,6,train
11753,6,train
11754,6,train
11755,6,test
11756,6,train
11757,6,val
11758,6,train
11759,6,test
11760,6,test
11761,6,train
11762,6,val
11763,6,test
11764,6,train
11765,6,train
11766,6,train
11767,6,train
11768,6,train
11769,6,train
11770,6,train
11771,6,train
11772,6,train
11773,6,val
11774,6,test
11775,6,train
11776,6,train
11777,6,train
11778,6,train
11779,6,train
11780,6,train
11781,6,train
11782,6,train
11783,6,val
11784,6,train
11785,6,train
11786,6,train
11787,6,test
11788,6,train
11789,6,train
11790,6,train
11791,6,train
11792,6,train
11793,6,train
11794,6,val
11795,6,val
11796,6,train
11797,6,train
11798,6,val
11799,6,train
11800,6,train
11801,6,train
11802,6,train
11803,6,train
11804,6,train
11805,6,train
11806,6,train
11807,6,train
11808,6,val
11809,6,train
11810,6,val
11811,6,train
11812,7,train
11813,7,val
11814,7,val
11815,7,train
11816,7,train
11817,7,train
11818,7,train
11819,7,val
11820,7,train
11821,7,train
11822,7,train
11823,7,test
11824,7,train
11825,7,train
11826,7,train
11827,7,train
11828,7,train
11829,7,train
11830,7,train
11831,7,val
11832,7,train
11833,7,train
11834,7,train
11835,7,test
11836,7,train
11837,7,test
11838,7,test
11839,7,train
11840,7,train
11841,7,train
11842,7,val
11843,7,train
11844,7,train
11845,7,val
11846,7,train
11847,7,train
11848,7,train
11849,7,train
11850,7,train
11851,7,train
11852,7,train
11853,7,train
11854,7,train
11855,7,train
11856,7,train
11857,7,train
11858,7,val
11859,7,train
11860,7,train
11861,7,train
11862,7,train
11863,7,test
11864,7,train
11865,7,train
11866,7,test
11867,7,train
11868,7,train
11869,7,val
11870,7,train
11871,7,test
11872,7,train
11873,7,train
11874,7,train
11875,7,train
11876,7,val
11877,7,val
11878,7,val
11879,7,train
11880,7,test
11881,7,val
11882,7,train
11883,7,val
11884,7,train
11885,7,val
11886,7,train
11887,7,train
11888,7,test
11889,7,train
11890,7,train
11891,7,train
11892,7,train
11893,7,test
11894,7,train
11895,7,train
11896,7,val
11897,7,train
11898,7,train
11899,7,test
11900,7,val
11901,7,test
11902,7,val
11903,7,test
11904,7,test
11905,7,train
11906,7,train
11907,7,test
11908,7,train
11909,7,test
11910,7,train
11911,7,train
11912,7,test
11913,7,train
11914,7,val
11915,7,train
11916,7,test
11917,7,train
11918,7,train
11919,7,test
11920,7,train
11921,7,train
11922,7,test
11923,7,train
11924,7,train
11925,7,val
11926,7,test
11927,7,train
11928,7,train
11929,7,train
11930,7,test
11931,7,train
11932,7,train
11933,7,train
11934,7,train
11935,7,train
11936,7,train
11937,7,train
11938,7,train
11939,7,train
11940,7,train
11941,7,train
11942,7,val
11943,7,test
11944,7,train
11945,7,train
11946,7,val
11947,7,train
11948,7,train
11949,7,val
11950,7,train
11951,7,train
11952,7,train
11953,7,train
11954,7,train
11955,7,train
11956,7,train
11957,7,train
11958,7,train
11959,7,train
11960,7,train
11961,7,train
11962,7,train
11963,7,train
11964,7,train
11965,7,train
11966,7,test
11967,7,val
11968,7,val
11969,7,val
11970,7,train
11971,7,train
11972,7,train
11973,7,train
11974,7,val
11975,7,train
11976,7,train
11977,7,train
11978,7,val
11979,7,train
11980,7,train
11981,7,train
11982,7,train
11983,7,test
11984,7,train
11985,7,val
11986,7,test
11987,7,train
11988,7,train
11989,7,val
11990,7,test
11991,7,train
11992,7,test
11993,7,train
11994,7,train
11995,7,train
11996,7,val
11997,7,train
11998,7,test
11999,7,train
12000,7,val
12001,7,val
12002,7,train
12003,7,val
12004,7,train
12005,7,val
12006,7,train
12007,7,train
12008,7,train
12009,7,train
12010,7,train
12011,7,train
12012,7,val
12013,7,train
12014,7,val
12015,7,train
12016,7,train
12017,7,train
12018,7,test
12019,7,train
12020,7,train
12021,7,test
12022,7,train
12023,7,val
12024,7,val
12025,7,val
12026,7,test
12027,7,val
12028,7,train
12029,7,train
12030,7,train
12031,7,test
12032,7,train
12033,7,train
12034,7,train
12035,7,val
12036,7,val
12037,7,train
12038,7,val
12039,7,train
12040,7,train
12041,7,train
12042,7,test
12043,7,train
12044,7,train
12045,7,test
12046,7,train
12047,7,train
12048,7,train
12049,7,val
12050,7,train
12051,7,val
12052,7,val
12053,7,test
12054,7,train
12055,7,train
12056,7,train
12057,7,test
12058,7,val
12059,7,train
12060,7,train
12061,7,train
12062,7,train
12063,7,train
12064,7,test
12065,7,train
12066,7,train
12067,7,test
12068,7,test
12069,7,train
12070,7,test
12071,7,train
12072,7,train
12073,7,val
12074,7,val
12075,7,test
12076,7,train
12077,7,val
12078,7,train
12079,7,train
12080,7,train
12081,7,train
12082,7,test
12083,7,val
12084,7,train
12085,7,val
12086,7,train
12087,7,val
12088,7,train
12089,7,train
12090,7,train
12091,7,test
12092,7,val
12093,7,val
12094,7,train
12095,7,train
12096,7,train
12097,7,train
12098,7,train
12099,7,train
12100,7,train
12101,7,val
12102,7,train
12103,7,val
12104,7,test
12105,7,train
12106,7,val
12107,7,val
12108,7,val
12109,7,train
12110,7,train
12111,7,train
12112,7,train
12113,7,train
12114,7,train
12115,7,test
12116,7,train
12117,7,train
12118,7,test
12119,7,train
12120,7,test
12121,7,train
12122,7,test
12123,7,train
12124,7,train
12125,7,train
12126,7,train
12127,7,train
12128,7,test
12129,7,train
12130,7,test
12131,7,test
12132,7,train
12133,7,test
12134,7,train
12135,7,val
12136,7,train
12137,7,train
12138,7,train
12139,7,train
12140,7,train
12141,7,test
12142,7,test
12143,7,train
12144,7,test
12145,7,train
12146,7,train
12147,7,test
12148,7,train
12149,7,train
12150,7,train
12151,7,train
12152,7,test
12153,7,train
12154,7,val
12155,7,train
12156,7,val
12157,7,train
12158,7,train
12159,7,train
12160,7,train
12161,7,train
12162,7,train
12163,7,val
12164,7,test
12165,7,val
12166,7,train
12167,7,train
12168,7,val
12169,7,val
12170,7,train
12171,7,train
12172,7,train
12173,7,val
12174,7,test
12175,7,train
12176,7,val
12177,7,val
12178,7,train
12179,7,train
12180,7,val
12181,7,val
12182,7,test
12183,7,train
12184,7,train
12185,7,train
12186,7,train
12187,7,train
12188,7,train
12189,7,train
12190,7,train
12191,7,train
12192,7,train
12193,7,train
12194,7,train
12195,7,val
12196,7,test
12197,7,train
12198,7,test
12199,7,train
12200,7,train
12201,7,train
12202,7,train
12203,7,train
12204,7,train
12205,7,train
12206,7,train
12207,7,val
12208,7,train
12209,7,test
12210,7,test
12211,7,train
12212,7,test
12213,7,train
12214,7,train
12215,7,train
12216,7,train
12217,7,train
12218,7,test
12219,7,val
12220,7,train
12221,7,train
12222,7,train
12223,7,train
12224,7,val
12225,7,train
12226,7,train
12227,7,train
12228,7,train
12229,7,train
12230,7,test
12231,7,train
12232,7,train
12233,7,val
12234,7,train
12235,7,train
12236,7,test
12237,7,train
12238,7,train
12239,7,val
12240,7,train
12241,7,train
12242,7,test
12243,7,train
12244,7,train
12245,7,val
12246,7,train
12247,7,train
12248,7,train
12249,7,val
12250,7,train
12251,7,train
12252,7,train
12253,7,train
12254,7,train
12255,7,train
12256,7,train
12257,7,train
12258,7,train
12259,7,train
12260,7,test
12261,7,train
12262,7,train
12263,7,train
12264,7,train
12265,7,train
12266,7,train
12267,7,train
12268,7,train
12269,7,val
12270,7,train
12271,7,train
12272,7,test
12273,7,test
12274,7,train
12275,7,val
12276,7,train
12277,7,val
12278,7,train
12279,7,train
12280,7,train
12281,7,val
12282,7,train
12283,7,train
12284,7,train
12285,7,train
12286,7,val
12287,7,train
12288,7,train
12289,7,train
12290,7,train
12291,7,train
12292,7,test
12293,7,train
12294,7,train
12295,7,test
12296,7,train
12297,7,train
12298,7,train
12299,7,train
12300,7,test
12301,7,val
12302,7,train
12303,7,train
12304,7,val
12305,7,train
12306,7,val
12307,7,train
12308,7,train
12309,7,train
12310,7,train
12311,7,test
12312,7,train
12313,7,train
12314,7,train
12315,7,train
12316,7,train
12317,7,train
12318,7,train
12319,7,val
12320,7,train
12321,7,train
12322,7,train
12323,7,train
12324,7,train
12325,7,test
12326,7,train
12327,7,train
12328,7,train
12329,7,val
12330,7,train
12331,7,train
12332,7,train
12333,7,test
12334,7,train
12335,7,train
12336,7,train
12337,7,train
12338,7,val
12339,7,train
12340,7,val
12341,7,test
12342,7,train
12343,7,train
12344,7,train
12345,7,train
12346,7,test
12347,7,train
12348,7,train
12349,7,val
12350,7,train
12351,7,train
12352,7,test
12353,7,train
12354,7,val
12355,7,train
12356,7,train
12357,7,train
12358,7,train
12359,7,train
12360,7,train
12361,7,train
12362,7,test
12363,7,train
12364,7,train
12365,7,train
12366,7,test
12367,7,train
12368,7,train
12369,7,val
12370,7,train
12371,7,train
12372,7,test
12373,7,train
12374,7,test
12375,7,train
12376,7,train
12377,7,val
12378,7,train
12379,7,train
12380,7,train
12381,7,train
12382,7,val
12383,7,train
12384,7,train
12385,7,test
12386,7,train
12387,7,train
12388,7,train
12389,7,val
12390,7,train
12391,7,train
12392,7,train
12393,7,val
12394,7,train
12395,7,train
12396,7,train
12397,7,train
12398,7,train
12399,7,train
12400,7,test
12401,7,train
12402,7,train
12403,7,test
12404,7,train
12405,7,test
12406,7,train
12407,7,test
12408,7,train
12409,7,train
12410,7,train
12411,7,train
12412,7,train
12413,7,train
12414,7,val
12415,7,train
12416,7,val
12417,7,train
12418,7,val
12419,7,test
12420,7,train
12421,7,train
12422,7,train
12423,7,train
12424,7,train
12425,7,test
12426,7,train
12427,7,train
12428,7,train
12429,7,train
12430,7,train
12431,7,train
12432,7,train
12433,7,val
12434,7,train
12435,7,train
12436,7,train
12437,7,train
12438,7,val
12439,7,train
12440,7,train
12441,7,train
12442,7,train
12443,7,train
12444,7,val
12445,7,train
12446,7,test
12447,7,train
12448,7,train
12449,7,train
12450,7,train
12451,7,train
12452,7,train
12453,7,train
12454,7,train
12455,7,train
12456,7,train
12457,7,test
12458,7,test
12459,7,val
12460,7,train
12461,7,train
12462,7,test
12463,7,test
12464,7,train
12465,7,train
12466,7,test
12467,7,train
12468,7,val
12469,7,val
12470,7,val
12471,7,test
12472,7,train
12473,7,train
12474,7,val
12475,7,val
12476,7,train
12477,7,train
12478,7,train
12479,7,test
12480,7,test
12481,7,val
12482,7,train
12483,7,train
12484,7,test
12485,7,test
12486,7,val
12487,7,test
12488,7,train
12489,7,train
12490,7,train
12491,7,train
12492,7,train
12493,7,train
12494,7,val
12495,7,train
12496,7,train
12497,7,train
12498,7,train
12499,7,train
12500,7,val
12501,7,val
12502,7,train
12503,7,train
12504,7,train
12505,7,val
12506,7,train
12507,7,test
12508,7,train
12509,7,train
12510,7,train
12511,7,train
12512,7,train
12513,7,val
12514,7,train
12515,7,test
12516,7,train
12517,7,train
12518,7,train
12519,7,val
12520,7,train
12521,7,train
12522,7,train
12523,7,train
12524,7,train
12525,7,train
12526,7,val
12527,7,train
12528,7,train
12529,7,train
12530,7,val
12531,7,train
12532,7,train
12533,7,train
12534,7,test
12535,7,train
12536,7,val
12537,7,train
12538,7,test
12539,7,val
12540,7,train
12541,7,test
12542,7,test
12543,7,train
12544,7,train
12545,7,test
12546,7,train
12547,7,train
12548,7,train
12549,7,train
12550,7,test
12551,7,train
12552,7,train
12553,7,val
12554,7,train
12555,7,train
12556,7,train
12557,7,train
12558,7,train
12559,7,val
12560,7,val
12561,7,train
12562,7,val
12563,7,train
12564,7,train
12565,7,train
12566,7,test
12567,7,val
12568,7,test
12569,7,train
12570,7,train
12571,7,train
12572,7,val
12573,7,train
12574,7,test
12575,7,train
12576,7,train
12577,7,val
12578,7,train
12579,7,val
12580,7,train
12581,7,train
12582,7,train
12583,7,train
12584,7,train
12585,7,train
12586,7,train
12587,7,val
12588,7,train
12589,7,val
12590,7,train
12591,7,train
12592,7,train
12593,7,train
12594,7,test
12595,7,val
12596,7,test
12597,7,train
12598,7,train
12599,7,train
12600,7,train
12601,7,train
12602,7,train
12603,7,val
12604,7,test
12605,7,train
12606,7,train
12607,7,train
12608,7,train
12609,7,train
12610,7,val
12611,7,train
12612,7,val
12613,7,train
12614,7,test
12615,7,train
12616,7,train
12617,7,val
12618,7,val
12619,7,train
12620,7,train
12621,7,train
12622,7,train
12623,7,train
12624,7,test
12625,7,train
12626,7,test
12627,7,train
12628,7,train
12629,7,val
12630,7,train
12631,7,val
12632,7,test
12633,7,val
12634,7,train
12635,7,train
12636,7,train
12637,7,train
12638,7,val
12639,7,test
12640,7,train
12641,7,train
12642,7,train
12643,7,train
12644,7,train
12645,7,train
12646,7,val
12647,7,val
12648,7,train
12649,7,train
12650,7,train
12651,7,val
12652,7,train
12653,7,train
12654,7,train
12655,7,test
12656,7,train
12657,7,train
12658,7,train
12659,7,train
12660,7,val
12661,7,val
12662,7,train
12663,7,train
12664,7,val
12665,7,train
12666,7,val
12667,7,val
12668,7,train
12669,7,train
12670,7,train
12671,7,train
12672,7,train
12673,7,train
12674,7,train
12675,7,train
12676,7,train
12677,7,train
12678,7,train
12679,7,train
12680,7,train
12681,7,train
12682,7,train
12683,7,train
12684,7,train
12685,7,val
12686,7,test
12687,7,train
12688,7,train
12689,7,train
12690,7,train
12691,7,train
12692,7,train
12693,7,train
12694,7,train
12695,7,train
12696,7,train
12697,7,train
12698,7,train
12699,7,train
12700,7,train
12701,7,train
12702,7,train
12703,7,train
12704,7,train
12705,7,train
12706,7,train
12707,7,train
12708,7,train
12709,7,train
12710,7,train
12711,7,train
12712,7,train
12713,7,train
12714,7,train
12715,7,val
12716,7,train
12717,7,train
12718,7,test
12719,7,train
12720,7,train
12721,7,train
12722,7,test
12723,7,train
12724,7,train
12725,7,train
12726,7,train
12727,7,test
12728,7,train
12729,7,train
12730,7,train
12731,7,train
12732,7,train
12733,7,train
12734,7,train
12735,7,val
12736,7,test
12737,7,train
12738,7,train
12739,7,train
12740,7,train
12741,7,train
12742,7,train
12743,7,train
12744,7,train
12745,7,train
12746,7,train
12747,7,train
12748,7,train
12749,7,train
12750,7,val
12751,7,train
12752,7,val
12753,7,test
12754,7,train
12755,7,train
12756,7,train
12757,7,train
12758,7,train
12759,7,val
12760,7,test
12761,7,test
12762,7,train
12763,7,train
12764,7,test
12765,7,train
12766,7,train
12767,7,train
12768,7,train
12769,7,train
12770,7,train
12771,7,train
12772,7,train
12773,7,train
12774,7,val
12775,7,train
12776,7,train
12777,7,train
12778,7,train
12779,7,test
12780,7,test
12781,7,val
12782,7,val
12783,7,train
12784,7,test
12785,7,train
12786,7,val
12787,7,test
12788,7,test
12789,7,train
12790,7,train
12791,7,test
12792,7,train
12793,7,train
12794,7,train
12795,7,train
12796,7,train
12797,7,train
12798,7,train
12799,7,train
12800,7,test
12801,7,test
12802,7,train
12803,7,val
12804,7,test
12805,7,train
12806,7,train
12807,7,train
12808,7,val
12809,7,train
12810,7,train
12811,7,val
12812,7,train
12813,7,train
12814,7,val
12815,7,val
12816,7,train
12817,7,test
12818,7,val
12819,7,train
12820,7,train
12821,7,train
12822,7,train
12823,7,train
12824,7,train
12825,7,train
12826,7,train
12827,7,train
12828,7,train
12829,7,train
12830,7,test
12831,7,train
12832,7,train
12833,7,train
12834,7,train
12835,7,train
12836,7,test
12837,7,train
12838,7,train
12839,7,train
12840,7,train
12841,7,train
12842,7,train
12843,7,test
12844,7,train
12845,7,train
12846,7,train
12847,7,train
12848,7,test
12849,7,train
12850,7,test
12851,7,train
12852,7,train
12853,7,test
12854,7,test
12855,7,train
12856,7,train
12857,7,train
12858,7,val
12859,7,val
12860,7,test
12861,7,val
12862,7,train
12863,7,train
12864,7,train
12865,7,train
12866,7,val
12867,7,train
12868,7,train
12869,7,train
12870,7,test
12871,7,val
12872,7,train
12873,7,train
12874,7,train
12875,7,train
12876,7,train
12877,7,train
12878,7,train
12879,7,test
12880,7,train
12881,7,train
12882,7,train
12883,7,train
12884,7,train
12885,7,train
12886,7,test
12887,7,test
12888,7,train
12889,7,train
12890,7,train
12891,7,test
12892,7,train
12893,7,train
12894,7,val
12895,7,val
12896,7,val
12897,7,train
12898,7,val
12899,7,train
12900,7,train
12901,7,val
12902,7,train
12903,7,train
12904,7,train
12905,7,train
12906,7,train
12907,7,train
12908,7,train
12909,7,test
12910,7,train
12911,7,val
12912,7,test
12913,7,train
12914,7,train
12915,7,train
12916,7,train
12917,7,train
12918,7,train
12919,7,train
12920,7,train
12921,7,val
12922,7,train
12923,7,val
12924,7,test
12925,7,train
12926,7,train
12927,7,val
12928,7,train
12929,7,train
12930,7,test
12931,7,train
12932,7,train
12933,7,train
12934,7,test
12935,7,train
12936,7,train
12937,7,train
12938,7,train
12939,7,train
12940,7,train
12941,7,train
12942,7,test
12943,7,train
12944,7,test
12945,7,train
12946,7,train
12947,7,train
12948,7,val
12949,7,train
12950,7,train
12951,7,val
12952,7,train
12953,7,train
12954,7,train
12955,7,test
12956,7,train
12957,7,train
12958,7,train
12959,7,train
12960,7,val
12961,7,train
12962,7,val
12963,7,test
12964,7,train
12965,7,train
12966,7,train
12967,7,train
12968,7,train
12969,7,val
12970,7,test
12971,7,train
12972,7,train
12973,7,val
12974,7,train
12975,7,train
12976,7,train
12977,7,test
12978,7,test
12979,7,train
12980,7,val
12981,7,train
12982,7,train
12983,7,train
12984,7,train
12985,7,train
12986,7,train
12987,7,val
12988,7,train
12989,7,train
12990,7,train
12991,7,test
12992,7,train
12993,7,val
12994,7,train
12995,7,train
12996,7,train
12997,7,train
12998,7,train
12999,7,train
13000,7,train
13001,7,train
13002,7,val
13003,7,train
13004,7,train
13005,7,test
13006,7,train
13007,7,train
13008,7,train
13009,7,train
13010,7,test
13011,7,train
13012,7,train
13013,7,train
13014,7,train
13015,7,val
13016,7,train
13017,7,train
13018,7,train
13019,7,train
13020,7,test
13021,7,test
13022,7,train
13023,7,train
13024,7,train
13025,7,train
13026,7,train
13027,7,test
13028,7,test
13029,7,train
13030,7,val
13031,7,test
13032,7,train
13033,7,train
13034,7,train
13035,7,val
13036,7,train
13037,7,train
13038,7,train
13039,7,train
13040,7,test
13041,7,train
13042,7,train
13043,7,train
13044,7,train
13045,7,train
13046,7,train
13047,7,train
13048,7,val
13049,7,test
13050,7,val
13051,7,val
13052,7,test
13053,7,val
13054,7,train
13055,7,train
13056,7,test
13057,7,train
13058,7,train
13059,7,train
13060,7,train
13061,7,train
13062,7,val
13063,7,test
13064,7,train
13065,7,train
13066,7,train
13067,7,test
13068,7,val
13069,7,train
13070,7,train
13071,7,val
13072,7,test
13073,7,train
13074,7,train
13075,7,train
13076,7,train
13077,7,train
13078,7,train
13079,7,val
13080,7,train
13081,7,train
13082,7,train
13083,7,train
13084,7,train
13085,7,train
13086,7,train
13087,7,train
13088,7,train
13089,7,train
13090,7,test
13091,7,val
13092,7,train
13093,7,train
13094,7,test
13095,7,test
13096,7,train
13097,7,train
13098,7,train
13099,7,train
13100,7,train
13101,7,train
13102,7,train
13103,7,train
13104,7,train
13105,7,train
13106,7,val
13107,7,val
13108,7,train
13109,7,train
13110,7,train
13111,7,train
13112,7,test
13113,7,test
13114,7,val
13115,7,test
13116,7,test
13117,7,val
13118,7,train
13119,7,train
13120,7,train
13121,7,train
13122,7,train
13123,7,train
13124,7,train
13125,7,train
13126,7,train
13127,7,train
13128,7,val
13129,7,train
13130,7,train
13131,7,train
13132,7,train
13133,7,train
13134,7,train
13135,7,train
13136,7,train
13137,7,train
13138,7,train
13139,7,train
13140,7,train
13141,7,test
13142,7,val
13143,7,test
13144,7,train
13145,7,train
13146,7,test
13147,7,train
13148,7,train
13149,7,train
13150,7,val
13151,7,train
13152,7,train
13153,7,train
13154,7,train
13155,7,train
13156,7,train
13157,7,train
13158,7,train
13159,7,test
13160,7,test
13161,7,train
13162,7,train
13163,7,train
13164,7,train
13165,7,train
13166,7,train
13167,7,test
13168,7,test
13169,7,train
13170,7,train
13171,7,train
13172,7,test
13173,7,train
13174,7,train
13175,7,train
13176,7,train
13177,7,train
13178,7,train
13179,7,train
13180,7,train
13181,7,train
13182,7,train
13183,7,test
13184,7,train
13185,7,train
13186,7,train
13187,7,train
13188,7,test
13189,7,val
13190,7,train
13191,7,train
13192,7,train
13193,7,train
13194,7,train
13195,7,train
13196,7,train
13197,7,train
13198,7,train
13199,7,test
13200,7,train
13201,7,val
13202,7,train
13203,7,train
13204,7,train
13205,7,train
13206,7,train
13207,7,train
13208,7,train
13209,7,test
13210,7,train
13211,7,train
13212,7,train
13213,7,val
13214,7,train
13215,7,train
13216,7,val
13217,7,train
13218,7,test
13219,7,train
13220,7,train
13221,7,val
13222,7,train
13223,7,train
13224,7,train
13225,7,test
13226,7,test
13227,7,val
13228,7,val
13229,7,test
13230,7,train
13231,7,train
13232,7,train
13233,7,train
13234,7,train
13235,7,train
13236,7,train
13237,7,train
13238,7,train
13239,7,test
13240,7,train
13241,7,train
13242,7,train
13243,7,train
13244,7,train
13245,7,train
13246,7,val
13247,7,train
13248,7,train
13249,7,val
13250,7,train
13251,7,train
13252,7,train
13253,7,train
13254,7,train
13255,7,val
13256,7,val
13257,7,train
13258,7,train
13259,7,test
13260,7,train
13261,7,train
13262,7,train
13263,7,test
13264,7,train
13265,7,train
13266,7,train
13267,7,train
13268,7,train
13269,7,train
13270,7,train
13271,7,train
13272,7,test
13273,7,train
13274,7,train
13275,7,val
13276,7,test
13277,7,train
13278,7,train
13279,7,val
13280,7,train
13281,7,val
13282,7,val
13283,7,train
13284,7,test
13285,7,train
13286,7,train
13287,7,train
13288,7,train
13289,7,test
13290,7,test
13291,7,train
13292,7,test
13293,7,val
13294,7,train
13295,7,train
13296,7,train
13297,7,test
13298,7,train
13299,7,train
13300,7,train
13301,7,train
13302,7,val
13303,7,train
13304,7,val
13305,7,train
13306,7,test
13307,7,train
13308,7,val
13309,7,train
13310,7,test
13311,7,train
13312,7,val
13313,7,test
13314,7,test
13315,7,train
13316,7,val
13317,7,train
13318,7,val
13319,7,train
13320,7,test
13321,7,train
13322,7,train
13323,7,test
13324,7,train
13325,7,test
13326,7,train
13327,7,test
13328,7,train
13329,7,val
13330,7,test
13331,7,train
13332,7,test
13333,7,train
13334,7,train
13335,7,train
13336,7,train
13337,7,test
13338,7,train
13339,7,train
13340,7,train
13341,7,train
13342,7,train
13343,7,train
13344,7,val
13345,7,train
13346,7,train
13347,7,train
13348,7,val
13349,7,train
13350,7,val
13351,7,test
13352,7,train
13353,7,train
13354,7,train
13355,7,train
13356,7,test
13357,7,val
13358,7,train
13359,7,train
13360,7,train
13361,7,train
13362,7,train
13363,7,train
13364,7,train
13365,7,train
13366,7,train
13367,7,train
13368,7,train
13369,7,train
13370,7,train
13371,7,val
13372,7,train
13373,7,train
13374,7,train
13375,7,test
13376,7,test
13377,7,train
13378,7,test
13379,7,train
13380,7,val
13381,7,val
13382,7,train
13383,7,train
13384,7,test
13385,7,train
13386,7,train
13387,7,train
13388,7,test
13389,7,train
13390,7,test
13391,7,train
13392,7,train
13393,7,train
13394,7,val
13395,7,test
13396,7,train
13397,7,train
13398,7,train
13399,7,train
13400,7,test
13401,7,val
13402,7,train
13403,7,train
13404,7,test
13405,7,val
13406,7,train
13407,7,test
13408,7,train
13409,7,train
13410,7,val
13411,7,val
13412,7,train
13413,7,train
13414,7,test
13415,7,train
13416,7,train
13417,7,train
13418,7,train
13419,7,test
13420,7,train
13421,7,test
13422,7,train
13423,7,train
13424,7,train
13425,7,train
13426,7,train
13427,7,train
13428,7,train
13429,7,train
13430,7,test
13431,7,train
13432,7,train
13433,7,train
13434,7,val
13435,7,train
13436,7,train
13437,7,train
13438,7,test
13439,7,test
13440,7,train
13441,7,train
13442,7,train
13443,7,val
13444,7,val
13445,7,train
13446,7,train
13447,7,train
13448,7,train
13449,7,val
13450,7,train
13451,7,train
13452,7,train
13453,7,train
13454,7,val
13455,7,val
13456,7,train
13457,7,train
13458,7,train
13459,7,train
13460,7,train
13461,7,train
13462,7,train
13463,7,train
13464,7,train
13465,7,train
13466,7,val
13467,7,train
13468,7,train
13469,7,train
13470,7,test
13471,7,train
13472,7,train
13473,7,train
13474,7,train
13475,7,train
13476,7,train
13477,7,train
13478,7,train
13479,7,train
13480,7,train
13481,7,train
13482,7,train
13483,7,train
13484,7,val
13485,7,val
13486,7,train
13487,7,test
13488,7,train
13489,7,test
13490,7,train
13491,7,test
13492,7,train
13493,7,train
13494,7,train
13495,7,train
13496,7,train
13497,7,train
13498,7,val
13499,7,train
13500,7,val
13501,7,train
13502,7,train
13503,7,val
13504,7,train
13505,7,train
13506,7,test
13507,7,train
13508,7,train
13509,7,train
13510,7,train
13511,7,train
13512,7,train
13513,7,train
13514,7,train
13515,7,test
13516,7,train
13517,7,test
13518,7,train
13519,7,val
13520,7,train
13521,7,train
13522,7,test
13523,7,train
13524,7,train
13525,7,train
13526,7,train
13527,7,train
13528,7,train
13529,7,test
13530,7,train
13531,7,train
13532,7,train
13533,7,test
13534,7,train
13535,7,train
13536,7,test
13537,7,val
13538,7,train
13539,7,train
13540,7,train
13541,7,train
13542,7,val
13543,7,test
13544,7,val
13545,7,test
13546,7,test
13547,7,train
13548,7,train
13549,7,train
13550,7,train
13551,7,val
13552,7,train
13553,7,test
13554,7,train
13555,7,train
13556,7,train
13557,7,train
13558,7,train
13559,7,train
13560,7,val
13561,7,train
13562,7,train
13563,7,train
13564,7,train
13565,7,train
13566,7,train
13567,7,train
13568,7,train
13569,7,train
13570,7,test
13571,7,train
13572,7,val
13573,7,val
13574,7,val
13575,7,train
13576,7,train
13577,7,train
13578,7,train
13579,7,train
13580,7,val
13581,7,val
13582,7,train
13583,7,val
13584,7,train
13585,7,train
13586,7,train
13587,7,train
13588,7,train
13589,7,train
13590,7,train
13591,7,test
13592,7,test
13593,7,train
13594,7,val
13595,7,train
13596,7,train
13597,7,train
13598,7,test
13599,7,train
13600,7,train
13601,7,train
13602,7,test
13603,7,train
13604,7,val
13605,7,test
13606,7,train
13607,7,train
13608,7,train
13609,7,test
13610,7,train
13611,7,val
13612,7,test
13613,7,test
13614,7,train
13615,7,train
13616,7,train
13617,7,val
13618,7,val
13619,7,val
13620,7,train
13621,7,train
13622,7,val
13623,7,train
13624,7,train
13625,7,train
13626,7,test
13627,7,val
13628,7,test
13629,7,test
13630,7,test
13631,7,train
13632,7,train
13633,7,train
13634,7,train
13635,7,val
13636,7,train
13637,7,train
13638,7,train
13639,7,val
13640,7,train
13641,7,train
13642,7,train
13643,7,val
13644,7,train
13645,7,train
13646,7,train
13647,7,train
13648,7,train
13649,7,train
13650,7,train
13651,7,test
13652,7,train
13653,7,val
13654,7,train
13655,7,train
13656,7,val
13657,7,train
13658,7,train
13659,7,train
13660,7,train
13661,7,train
13662,7,train
13663,7,train
13664,7,val
13665,7,train
13666,7,train
13667,7,train
13668,7,train
13669,7,train
13670,7,train
13671,7,train
13672,7,test
13673,7,train
13674,7,train
13675,7,train
13676,7,train
13677,7,val
13678,7,val
13679,7,train
13680,7,train
13681,7,train
13682,7,train
13683,7,train
13684,7,test
13685,7,train
13686,7,train
13687,7,train
13688,7,train
13689,7,train
13690,7,train
13691,7,val
13692,7,val
13693,7,train
13694,7,train
13695,7,train
13696,7,train
13697,7,val
13698,7,val
13699,7,train
13700,7,train
13701,7,train
13702,7,train
13703,7,val
13704,7,test
13705,7,train
13706,7,val
13707,7,train
13708,7,train
13709,7,train
13710,7,train
13711,7,train
13712,7,train
13713,7,val
13714,7,train
13715,7,val
13716,7,train
13717,7,train
13718,7,test
13719,7,test
13720,7,train
13721,7,train
13722,7,test
13723,7,val
13724,7,train
13725,7,train
13726,7,test
13727,7,train
13728,7,train
13729,7,train
13730,7,train
13731,7,train
13732,7,train
13733,7,train
13734,7,train
13735,7,val
13736,7,train
13737,7,test
13738,7,val
13739,7,train
13740,7,train
13741,7,train
13742,7,train
13743,7,train
13744,7,train
13745,7,train
13746,7,train
13747,7,train
13748,7,val
13749,7,train
13750,7,val
13751,7,train
13752,7,train
13753,7,train
13754,7,train
13755,7,test
13756,7,train
13757,7,test
13758,7,train
13759,7,val
13760,7,train
13761,7,train
13762,7,test
13763,7,train
13764,7,val
13765,7,train
13766,7,test
13767,7,train
13768,7,train
13769,7,train
13770,7,val
13771,7,train
13772,7,val
13773,7,test
13774,7,train
13775,7,train
13776,7,train
13777,7,train
13778,7,train
13779,7,train
13780,7,train
13781,7,train
13782,7,train
13783,7,val
13784,7,test
13785,7,test
13786,7,train
13787,7,val
13788,7,train
13789,7,train
13790,7,test
13791,7,train
13792,7,train
13793,7,train
13794,7,train
13795,7,train
13796,7,train
13797,7,train
13798,7,train
13799,7,train
13800,7,train
13801,7,train
13802,7,train
13803,7,train
13804,7,test
13805,7,train
13806,7,train
13807,7,train
13808,7,train
13809,7,test
13810,7,train
13811,7,train
13812,7,train
13813,7,train
13814,7,val
13815,7,test
13816,7,val
13817,7,train
13818,7,test
13819,7,test
13820,7,val
13821,7,train
13822,7,test
13823,7,val
13824,7,train
13825,7,test
13826,7,val
13827,7,val
13828,7,val
13829,7,train
13830,7,train
13831,7,train
13832,7,train
13833,7,train
13834,7,train
13835,7,train
13836,7,test
13837,7,train
13838,7,train
13839,7,train
13840,7,test
13841,7,test
13842,7,train
13843,7,test
13844,7,train
13845,7,train
13846,7,val
13847,7,train
13848,7,test
13849,7,train
13850,7,train
13851,7,train
13852,7,val
13853,7,train
13854,7,train
13855,7,train
13856,7,train
13857,7,train
13858,7,test
13859,7,val
13860,7,train
13861,7,train
13862,7,train
13863,7,train
13864,7,test
13865,7,train
13866,7,train
13867,7,test
13868,7,train
13869,7,train
13870,7,test
13871,7,train
13872,7,train
13873,7,test
13874,7,test
13875,7,train
13876,7,train
13877,7,train
13878,7,train
13879,7,test
13880,7,train
13881,7,val
13882,7,train
13883,7,train
13884,7,train
13885,7,test
13886,7,test
13887,7,test
13888,7,train
13889,7,train
13890,7,val
13891,7,test
13892,7,train
13893,7,train
13894,7,train
13895,7,train
13896,7,val
13897,7,train
13898,7,train
13899,7,train
13900,7,val
13901,7,train
13902,7,val
13903,7,test
13904,7,train
13905,7,test
13906,7,train
13907,7,train
13908,7,train
13909,7,val
13910,7,train
13911,7,val
13912,7,train
13913,7,train
13914,7,train
13915,7,train
13916,7,test
13917,7,train
13918,7,train
13919,7,test
13920,7,train
13921,7,train
13922,7,test
13923,7,train
13924,7,train
13925,7,train
13926,7,train
13927,7,test
13928,7,train
13929,7,train
13930,7,train
13931,7,train
13932,7,train
13933,7,train
13934,7,train
13935,7,test
13936,7,train
13937,7,train
13938,7,train
13939,7,train
13940,7,train
13941,7,train
13942,7,train
13943,7,train
13944,7,train
13945,7,test
13946,7,train
13947,7,train
13948,7,train
13949,7,train
13950,7,train
13951,7,train
13952,7,train
13953,7,train
13954,7,train
13955,7,train
13956,7,train
13957,7,train
13958,7,train
13959,7,val
13960,7,train
13961,7,test
13962,7,val
13963,7,train
13964,7,train
13965,7,train
13966,7,train
13967,7,train
13968,7,train
13969,7,train
13970,7,test
13971,7,train
13972,7,val
13973,7,train
13974,7,train
13975,7,train
13976,7,train
13977,7,train
13978,7,val
13979,7,train
13980,7,train
13981,7,train
13982,7,train
13983,7,train
13984,7,train
13985,7,train
13986,7,train
13987,7,val
13988,7,val
13989,7,train
13990,7,test
13991,7,test
13992,7,train
13993,7,train
13994,7,test
13995,7,train
13996,7,train
13997,7,train
13998,7,train
13999,7,train
14000,7,val
14001,7,val
14002,7,train
14003,7,train
14004,7,train
14005,7,train
14006,7,test
14007,7,train
14008,7,test
14009,7,val
14010,7,train
14011,7,train
14012,7,train
14013,7,train
14014,7,train
14015,7,val
14016,7,val
14017,7,val
14018,7,train
14019,7,train
14020,7,train
14021,7,test
14022,7,train
14023,7,train
14024,7,test
14025,7,train
14026,7,train
14027,7,train
14028,7,train
14029,7,train
14030,7,train
14031,7,test
14032,7,train
14033,7,train
14034,7,train
14035,7,test
14036,7,train
14037,7,train
14038,7,test
14039,7,train
14040,7,train
14041,7,train
14042,7,train
14043,7,train
14044,7,train
14045,7,train
14046,7,train
14047,7,train
14048,7,train
14049,7,train
14050,7,train
14051,7,train
14052,7,train
14053,7,train
14054,7,train
14055,7,train
14056,7,test
14057,7,train
14058,7,train
14059,7,train
14060,7,train
14061,7,train
14062,7,train
14063,7,train
14064,7,train
14065,7,train
14066,7,train
14067,7,test
14068,7,train
14069,7,train
14070,7,train
14071,7,test
14072,7,train
14073,7,train
14074,7,val
14075,7,val
14076,7,train
14077,7,train
14078,7,train
14079,7,train
14080,7,test
14081,7,train
14082,7,train
14083,7,train
14084,7,train
14085,7,val
14086,7,train
14087,7,train
14088,7,val
14089,7,val
14090,7,test
14091,7,test
14092,7,train
14093,7,test
14094,7,train
14095,7,train
14096,7,train
14097,7,test
14098,7,train
14099,7,train
14100,7,train
14101,7,train
14102,7,test
14103,7,train
14104,7,test
14105,7,train
14106,7,val
14107,7,val
14108,7,train
14109,7,test
14110,7,test
14111,7,train
14112,7,val
14113,7,train
14114,7,test
14115,7,train
14116,7,test
14117,7,train
14118,7,val
14119,7,train
14120,7,train
14121,7,train
14122,7,train
14123,7,train
14124,7,train
14125,7,train
14126,7,train
14127,7,train
14128,7,train
14129,7,train
14130,7,test
14131,7,train
14132,7,train
14133,7,train
14134,7,test
14135,7,val
14136,7,train
14137,7,train
14138,7,train
14139,7,train
14140,7,train
14141,7,val
14142,7,train
14143,7,val
14144,7,train
14145,7,train
14146,7,train
14147,7,val
14148,7,train
14149,7,train
14150,7,val
14151,7,train
14152,7,train
14153,7,test
14154,7,test
14155,7,train
14156,7,val
14157,7,test
14158,7,train
14159,7,test
14160,7,train
14161,7,train
14162,7,test
14163,7,val
14164,7,train
14165,7,train
14166,7,train
14167,7,train
14168,7,val
14169,7,train
14170,7,train
14171,7,val
14172,7,train
14173,7,train
14174,7,train
14175,7,train
14176,7,train
14177,7,train
14178,7,test
14179,7,train
14180,7,train
14181,7,val
14182,7,train
14183,7,val
14184,7,test
14185,7,val
14186,7,train
14187,7,train
14188,7,train
14189,7,train
14190,7,train
14191,7,train
14192,7,train
14193,7,train
14194,7,val
14195,7,train
14196,7,train
14197,7,train
14198,7,test
14199,7,train
14200,7,train
14201,7,train
14202,7,train
14203,7,test
14204,7,train
14205,7,train
14206,7,test
14207,7,test
14208,7,test
14209,7,train
14210,7,train
14211,7,train
14212,7,train
14213,7,train
14214,7,train
14215,7,train
14216,7,val
14217,7,train
14218,7,val
14219,7,train
14220,7,train
14221,7,train
14222,7,train
14223,7,train
14224,7,val
14225,7,train
14226,7,train
14227,7,train
14228,7,train
14229,7,train
14230,7,train
14231,7,test
14232,7,val
14233,7,test
14234,7,test
14235,7,train
14236,7,train
14237,7,test
14238,7,train
14239,7,train
14240,7,test
14241,7,test
14242,7,train
14243,7,train
14244,7,train
14245,7,train
14246,7,train
14247,7,train
14248,7,train
14249,7,train
14250,7,test
14251,7,train
14252,7,val
14253,7,train
14254,7,test
14255,7,train
14256,7,train
14257,7,train
14258,7,test
14259,7,train
14260,7,train
14261,7,test
14262,7,test
14263,7,train
14264,7,train
14265,7,val
14266,7,train
14267,7,test
14268,7,train
14269,7,train
14270,7,train
14271,7,train
14272,7,val
14273,7,train
14274,7,train
14275,7,val
14276,7,train
14277,7,test
14278,7,train
14279,7,train
14280,7,train
14281,7,train
14282,7,train
14283,7,train
14284,7,train
14285,7,train
14286,7,train
14287,7,train
14288,7,train
14289,7,val
14290,7,test
14291,7,train
14292,7,train
14293,7,train
14294,7,test
14295,7,train
14296,7,test
14297,7,test
14298,7,train
14299,7,test
14300,7,val
14301,7,train
14302,7,train
14303,7,train
14304,7,val
14305,7,train
14306,7,train
14307,7,train
14308,7,train
14309,7,train
14310,7,train
14311,7,train
14312,7,val
14313,7,val
14314,7,train
14315,7,train
14316,7,train
14317,7,train
14318,7,val
14319,7,train
14320,7,train
14321,7,val
14322,7,train
14323,7,val
14324,7,train
14325,7,train
14326,7,train
14327,7,train
14328,7,train
14329,7,train
14330,7,train
14331,7,val
14332,7,train
14333,7,train
14334,7,train
14335,7,val
14336,7,train
14337,7,train
14338,7,train
14339,7,test
14340,7,val
14341,7,test
14342,7,train
14343,7,train
14344,7,val
14345,7,train
14346,7,train
14347,7,train
14348,7,val
14349,7,train
14350,7,val
14351,7,test
14352,7,train
14353,7,train
14354,7,train
14355,7,train
14356,7,train
14357,7,train
14358,7,val
14359,7,train
14360,7,train
14361,7,train
14362,7,val
14363,7,train
14364,7,val
14365,7,train
14366,7,train
14367,7,train
14368,7,train
14369,7,val
14370,7,train
14371,7,val
14372,7,val
14373,7,test
14374,7,val
14375,7,train
14376,7,train
14377,7,val
14378,7,test
14379,7,val
14380,7,train
14381,7,train
14382,7,train
14383,7,train
14384,7,val
14385,7,train
14386,7,test
14387,7,train
14388,7,train
14389,7,val
14390,7,train
14391,7,train
14392,7,test
14393,7,val
14394,7,test
14395,7,train
14396,7,test
14397,7,test
14398,7,train
14399,7,train
14400,7,val
14401,7,train
14402,7,train
14403,7,train
14404,7,test
14405,7,val
14406,7,train
14407,7,test
14408,7,train
14409,7,val
14410,7,train
14411,7,train
14412,7,train
14413,7,train
14414,7,train
14415,7,test
14416,7,train
14417,7,test
14418,7,train
14419,7,val
14420,7,train
14421,7,train
14422,7,train
14423,7,train
14424,7,train
14425,7,train
14426,7,train
14427,7,train
14428,7,train
14429,7,train
14430,7,train
14431,7,train
14432,7,train
14433,7,train
14434,7,train
14435,7,train
14436,7,train
14437,7,val
14438,7,train
14439,7,train
14440,8,train
14441,8,train
14442,8,train
14443,8,train
14444,8,test
14445,8,test
14446,8,train
14447,8,train
14448,8,test
14449,8,train
14450,8,val
14451,8,train
14452,8,train
14453,8,train
14454,8,test
14455,8,test
14456,8,train
14457,8,train
14458,8,train
14459,8,train
14460,8,train
14461,8,train
14462,8,test
14463,8,train
14464,8,train
14465,8,train
14466,8,val
14467,8,train
14468,8,train
14469,8,train
14470,8,train
14471,8,train
14472,8,test
14473,8,train
14474,8,train
14475,8,train
14476,8,train
14477,8,train
14478,8,val
14479,8,test
14480,8,train
14481,8,train
14482,8,train
14483,8,test
14484,8,train
14485,8,train
14486,8,train
14487,8,train
14488,8,test
14489,8,test
14490,8,train
14491,8,train
14492,8,train
14493,8,train
14494,8,train
14495,8,train
14496,8,train
14497,8,train
14498,8,train
14499,8,train
14500,8,val
14501,8,train
14502,8,train
14503,8,val
14504,8,train
14505,8,test
14506,8,train
14507,8,test
14508,8,train
14509,8,train
14510,8,val
14511,8,test
14512,8,train
14513,8,train
14514,8,train
14515,8,train
14516,8,val
14517,8,test
14518,8,train
14519,8,train
14520,8,train
14521,8,train
14522,8,train
14523,8,train
14524,8,train
14525,8,val
14526,8,test
14527,8,train
14528,8,train
14529,8,train
14530,8,test
14531,8,train
14532,8,train
14533,8,train
14534,8,train
14535,8,test
14536,8,train
14537,8,train
14538,8,test
14539,8,val
14540,8,train
14541,8,val
14542,8,val
14543,8,train
14544,8,train
14545,8,val
14546,8,train
14547,8,train
14548,8,test
14549,8,val
14550,8,test
14551,8,val
14552,8,val
14553,8,train
14554,8,train
14555,8,train
14556,8,train
14557,8,train
14558,8,val
14559,8,test
14560,8,train
14561,8,val
14562,8,test
14563,8,val
14564,8,train
14565,8,train
14566,8,val
14567,8,train
14568,8,train
14569,8,train
14570,8,train
14571,8,train
14572,8,val
14573,8,train
14574,8,val
14575,8,train
14576,8,train
14577,8,train
14578,8,train
14579,8,train
14580,8,train
14581,8,test
14582,8,val
14583,8,train
14584,8,train
14585,8,train
14586,8,train
14587,8,train
14588,8,val
14589,8,train
14590,8,val
14591,8,test
14592,8,train
14593,8,val
14594,8,train
14595,8,train
14596,8,train
14597,8,train
14598,8,train
14599,8,train
14600,8,train
14601,8,train
14602,8,train
14603,8,train
14604,8,train
14605,8,train
14606,8,train
14607,8,test
14608,8,test
14609,8,train
14610,8,train
14611,8,train
14612,8,train
14613,8,val
14614,8,test
14615,8,train
14616,8,train
14617,8,train
14618,8,train
14619,8,val
14620,8,train
14621,8,train
14622,8,train
14623,8,val
14624,8,train
14625,8,train
14626,8,train
14627,8,train
14628,8,val
14629,8,val
14630,8,test
14631,8,train
14632,8,test
14633,8,test
14634,8,train
14635,8,train
14636,8,train
14637,8,train
14638,8,train
14639,8,train
14640,8,train
14641,8,train
14642,8,train
14643,8,train
14644,8,train
14645,8,train
14646,8,train
14647,8,train
14648,8,train
14649,8,val
14650,8,train
14651,8,train
14652,8,train
14653,8,train
14654,8,train
14655,8,train
14656,8,train
14657,8,train
14658,8,train
14659,8,train
14660,8,train
14661,8,train
14662,8,train
14663,8,test
14664,8,val
14665,8,train
14666,8,val
14667,8,train
14668,8,train
14669,8,train
14670,8,test
14671,8,train
14672,8,train
14673,8,train
14674,8,train
14675,8,train
14676,8,train
14677,8,train
14678,8,val
14679,8,val
14680,8,train
14681,8,train
14682,8,train
14683,8,test
14684,8,train
14685,8,train
14686,8,train
14687,8,train
14688,8,train
14689,8,train
14690,8,train
14691,8,train
14692,8,train
14693,8,train
14694,8,train
14695,8,train
14696,8,train
14697,8,val
14698,8,train
14699,8,train
14700,8,train
14701,8,train
14702,8,val
14703,8,train
14704,8,train
14705,8,train
14706,8,train
14707,8,train
14708,8,train
14709,8,test
14710,8,test
14711,8,train
14712,8,train
14713,8,val
14714,8,train
14715,8,val
14716,8,train
14717,8,train
14718,8,train
14719,8,test
14720,8,val
14721,8,train
14722,8,train
14723,8,train
14724,8,train
14725,8,test
14726,8,test
14727,8,train
14728,8,train
14729,8,train
14730,8,train
14731,8,train
14732,8,val
14733,8,train
14734,8,train
14735,8,val
14736,8,test
14737,8,train
14738,8,val
14739,8,val
14740,8,val
14741,8,train
14742,8,test
14743,8,train
14744,8,train
14745,8,train
14746,8,train
14747,8,train
14748,8,train
14749,8,val
14750,8,train
14751,8,val
14752,8,val
14753,8,test
14754,8,train
14755,8,train
14756,8,test
14757,8,train
14758,8,train
14759,8,train
14760,8,val
14761,8,train
14762,8,train
14763,8,train
14764,8,train
14765,8,val
14766,8,train
14767,8,val
14768,8,val
14769,8,train
14770,8,train
14771,8,train
14772,8,val
14773,8,train
14774,8,train
14775,8,test
14776,8,train
14777,8,test
14778,8,train
14779,8,val
14780,8,val
14781,8,val
14782,8,train
14783,8,train
14784,8,train
14785,8,test
14786,8,train
14787,8,train
14788,8,train
14789,8,train
14790,8,test
14791,8,train
14792,8,train
14793,8,test
14794,8,train
14795,8,train
14796,8,train
14797,8,train
14798,8,test
14799,8,train
14800,8,train
14801,8,train
14802,8,train
14803,8,train
14804,8,train
14805,8,val
14806,8,train
14807,8,test
14808,8,train
14809,8,train
14810,8,train
14811,8,train
14812,8,train
14813,8,train
14814,8,train
14815,8,val
14816,8,train
14817,8,val
14818,8,train
14819,8,train
14820,8,train
14821,8,train
14822,8,train
14823,8,train
14824,8,train
14825,8,train
14826,8,train
14827,8,train
14828,8,train
14829,8,test
14830,8,val
14831,8,train
14832,8,train
14833,8,train
14834,8,train
14835,8,test
14836,8,train
14837,8,train
14838,8,val
14839,8,train
14840,8,train
14841,8,val
14842,8,train
14843,8,train
14844,8,train
14845,8,train
14846,8,val
14847,8,test
14848,8,train
14849,8,train
14850,8,train
14851,8,train
14852,8,val
14853,8,train
14854,8,train
14855,8,train
14856,8,train
14857,8,val
14858,8,val
14859,8,train
14860,8,val
14861,8,test
14862,8,test
14863,8,train
14864,8,train
14865,8,train
14866,8,val
14867,8,val
14868,8,train
14869,8,test
14870,8,train
14871,8,train
14872,8,train
14873,8,train
14874,8,train
14875,8,val
14876,8,train
14877,8,train
14878,8,train
14879,8,test
14880,8,test
14881,8,train
14882,8,train
14883,8,train
14884,8,val
14885,8,train
14886,8,train
14887,8,train
14888,8,train
14889,8,train
14890,8,val
14891,8,train
14892,8,train
14893,8,train
14894,8,train
14895,8,train
14896,8,train
14897,8,train
14898,8,train
14899,8,train
14900,8,train
14901,8,test
14902,8,train
14903,8,val
14904,8,train
14905,8,test
14906,8,train
14907,8,train
14908,8,train
14909,8,train
14910,8,train
14911,8,train
14912,8,test
14913,8,train
14914,8,train
14915,8,train
14916,8,train
14917,8,test
14918,8,train
14919,8,train
14920,8,train
14921,8,train
14922,8,train
14923,8,train
14924,8,train
14925,8,train
14926,8,train
14927,8,test
14928,8,train
14929,8,train
14930,8,train
14931,8,test
14932,8,train
14933,8,val
14934,8,train
14935,8,train
14936,8,train
14937,8,train
14938,8,train
14939,8,test
14940,8,train
14941,8,train
14942,8,train
14943,8,test
14944,8,val
14945,8,val
14946,8,train
14947,8,test
14948,8,train
14949,8,train
14950,8,test
14951,8,train
14952,8,val
14953,8,train
14954,8,val
14955,8,train
14956,8,test
14957,8,train
14958,8,train
14959,8,train
14960,8,train
14961,8,val
14962,8,train
14963,8,train
14964,8,test
14965,8,test
14966,8,train
14967,8,val
14968,8,train
14969,8,train
14970,8,train
14971,8,train
14972,8,val
14973,8,train
14974,8,train
14975,8,train
14976,8,test
14977,8,train
14978,8,train
14979,8,train
14980,8,val
14981,8,train
14982,8,train
14983,8,train
14984,8,train
14985,8,train
14986,8,train
14987,8,val
14988,8,train
14989,8,test
14990,8,train
14991,8,train
14992,8,train
14993,8,train
14994,8,train
14995,8,val
14996,8,test
14997,8,train
14998,8,test
14999,8,val
15000,8,test
15001,8,train
15002,8,train
15003,8,val
15004,8,val
15005,8,test
15006,8,val
15007,8,train
15008,8,test
15009,8,val
15010,8,train
15011,8,train
15012,8,val
15013,8,train
15014,8,train
15015,8,train
15016,8,train
15017,8,train
15018,8,train
15019,8,train
15020,8,train
15021,8,train
15022,8,train
15023,8,train
15024,8,val
15025,8,test
15026,8,train
15027,8,test
15028,8,train
15029,8,test
15030,8,train
15031,8,train
15032,8,train
15033,8,train
15034,8,train
15035,8,test
15036,8,train
15037,8,test
15038,8,train
15039,8,train
15040,8,train
15041,8,train
15042,8,train
15043,8,train
15044,8,val
15045,8,test
15046,8,train
15047,8,val
15048,8,test
15049,8,test
15050,8,train
15051,8,test
15052,8,train
15053,8,train
15054,8,val
15055,8,train
15056,8,train
15057,8,train
15058,8,train
15059,8,test
15060,8,test
15061,8,train
15062,8,train
15063,8,train
15064,8,train
15065,8,train
15066,8,train
15067,8,val
15068,8,val
15069,8,train
15070,8,train
15071,8,train
15072,8,train
15073,8,test
15074,8,train
15075,8,train
15076,8,train
15077,8,test
15078,8,train
15079,8,train
15080,8,val
15081,8,train
15082,8,train
15083,8,train
15084,8,train
15085,8,train
15086,8,train
15087,8,val
15088,8,test
15089,8,val
15090,8,train
15091,8,train
15092,8,test
15093,8,train
15094,8,train
15095,8,train
15096,8,train
15097,8,train
15098,8,train
15099,8,train
15100,8,train
15101,8,train
15102,8,train
15103,8,train
15104,8,train
15105,8,train
15106,8,train
15107,8,train
15108,8,train
15109,8,test
15110,8,val
15111,8,train
15112,8,test
15113,8,train
15114,8,train
15115,8,train
15116,8,train
15117,8,train
15118,8,train
15119,8,val
15120,8,test
15121,8,train
15122,8,test
15123,8,val
15124,8,train
15125,8,train
15126,8,train
15127,8,train
15128,8,train
15129,8,train
15130,8,train
15131,8,train
15132,8,val
15133,8,val
15134,8,train
15135,8,train
15136,8,test
15137,8,train
15138,8,val
15139,8,test
15140,8,train
15141,8,train
15142,8,train
15143,8,val
15144,8,train
15145,8,train
15146,8,train
15147,8,val
15148,8,train
15149,8,train
15150,8,train
15151,8,train
15152,8,train
15153,8,train
15154,8,train
15155,8,train
15156,8,train
15157,8,val
15158,8,test
15159,8,train
15160,8,train
15161,8,val
15162,8,train
15163,8,train
15164,8,train
15165,8,val
15166,8,train
15167,8,train
15168,8,train
15169,8,train
15170,8,train
15171,8,train
15172,8,test
15173,8,train
15174,8,train
15175,8,train
15176,8,train
15177,8,train
15178,8,train
15179,8,train
15180,8,val
15181,8,train
15182,8,train
15183,8,test
15184,8,test
15185,8,train
15186,8,train
15187,8,val
15188,8,train
15189,8,train
15190,8,train
15191,8,val
15192,8,val
15193,8,train
15194,8,train
15195,8,test
15196,8,train
15197,8,train
15198,8,train
15199,8,train
15200,8,test
15201,8,val
15202,8,train
15203,8,train
15204,8,train
15205,8,train
15206,8,val
15207,8,train
15208,8,train
15209,8,test
15210,8,train
15211,8,train
15212,8,train
15213,8,val
15214,8,test
15215,8,val
15216,8,train
15217,8,train
15218,8,test
15219,8,train
15220,8,train
15221,8,train
15222,8,train
15223,8,train
15224,8,train
15225,8,train
15226,8,train
15227,8,train
15228,8,val
15229,8,train
15230,8,val
15231,8,test
15232,8,test
15233,8,test
15234,8,val
15235,8,val
15236,8,val
15237,8,train
15238,8,train
15239,8,train
15240,8,val
15241,8,train
15242,8,train
15243,8,test
15244,8,train
15245,8,train
15246,8,val
15247,8,train
15248,8,val
15249,8,train
15250,8,test
15251,8,train
15252,8,train
15253,8,train
15254,8,train
15255,8,train
15256,8,train
15257,8,train
15258,8,train
15259,8,train
15260,8,train
15261,8,test
15262,8,train
15263,8,train
15264,8,train
15265,8,val
15266,8,train
15267,8,test
15268,8,train
15269,8,val
15270,8,train
15271,8,test
15272,8,val
15273,8,test
15274,8,train
15275,8,test
15276,8,test
15277,8,val
15278,8,val
15279,8,test
15280,8,train
15281,8,train
15282,8,test
15283,8,val
15284,8,test
15285,8,train
15286,8,train
15287,8,train
15288,8,train
15289,8,train
15290,8,test
15291,8,train
15292,8,test
15293,8,val
15294,8,train
15295,8,train
15296,8,train
15297,8,val
15298,8,train
15299,8,train
15300,8,train
15301,8,val
15302,8,train
15303,8,train
15304,8,train
15305,8,val
15306,8,train
15307,8,train
15308,8,train
15309,8,train
15310,8,test
15311,8,train
15312,8,train
15313,8,val
15314,8,train
15315,8,train
15316,8,train
15317,8,train
15318,8,train
15319,8,test
15320,8,train
15321,8,train
15322,8,train
15323,8,train
15324,8,train
15325,8,test
15326,8,train
15327,8,train
15328,8,train
15329,8,test
15330,8,train
15331,8,train
15332,8,train
15333,8,train
15334,8,test
15335,8,train
15336,8,train
15337,8,test
15338,8,train
15339,8,val
15340,8,train
15341,8,train
15342,8,train
15343,8,train
15344,8,train
15345,8,train
15346,8,train
15347,8,train
15348,8,val
15349,8,train
15350,8,train
15351,8,train
15352,8,train
15353,8,train
15354,8,train
15355,8,val
15356,8,test
15357,8,train
15358,8,train
15359,8,train
15360,8,train
15361,8,train
15362,8,test
15363,8,train
15364,8,train
15365,8,test
15366,8,val
15367,8,train
15368,8,train
15369,8,test
15370,8,test
15371,8,test
15372,8,test
15373,8,train
15374,8,train
15375,8,train
15376,8,test
15377,8,train
15378,8,test
15379,8,train
15380,8,val
15381,8,train
15382,8,train
15383,8,train
15384,8,train
15385,8,train
15386,8,val
15387,8,val
15388,8,train
15389,8,val
15390,8,train
15391,8,val
15392,8,train
15393,8,train
15394,8,train
15395,8,train
15396,8,train
15397,8,train
15398,8,train
15399,8,train
15400,8,train
15401,8,train
15402,8,test
15403,8,train
15404,8,train
15405,8,val
15406,8,test
15407,8,train
15408,8,train
15409,8,train
15410,8,val
15411,8,val
15412,8,train
15413,8,test
15414,8,test
15415,8,train
15416,8,train
15417,8,train
15418,8,val
15419,8,test
15420,8,train
15421,8,train
15422,8,val
15423,8,train
15424,8,train
15425,8,val
15426,8,val
15427,8,train
15428,8,train
15429,8,train
15430,8,train
15431,8,train
15432,8,train
15433,8,test
15434,8,train
15435,8,train
15436,8,train
15437,8,train
15438,8,test
15439,8,test
15440,8,train
15441,8,train
15442,8,train
15443,8,train
15444,8,test
15445,8,val
15446,8,train
15447,8,train
15448,8,train
15449,8,train
15450,8,train
15451,8,test
15452,8,train
15453,8,train
15454,8,val
15455,8,test
15456,8,train
15457,8,train
15458,8,val
15459,8,train
15460,8,train
15461,8,train
15462,8,train
15463,8,test
15464,8,train
15465,8,train
15466,8,val
15467,8,train
15468,8,train
15469,8,train
15470,8,train
15471,8,train
15472,8,train
15473,8,train
15474,8,train
15475,8,train
15476,8,train
15477,8,test
15478,8,train
15479,8,train
15480,8,val
15481,8,train
15482,8,train
15483,8,train
15484,8,train
15485,8,train
15486,8,test
15487,8,train
15488,8,train
15489,8,val
15490,8,train
15491,8,train
15492,8,train
15493,8,train
15494,8,train
15495,8,train
15496,8,train
15497,8,train
15498,8,train
15499,8,test
15500,8,train
15501,8,test
15502,8,train
15503,8,val
15504,8,train
15505,8,val
15506,8,test
15507,8,train
15508,8,train
15509,8,train
15510,8,train
15511,8,train
15512,8,train
15513,8,train
15514,8,train
15515,8,train
15516,8,train
15517,8,train
15518,8,test
15519,8,train
15520,8,train
15521,8,val
15522,8,test
15523,8,val
15524,8,val
15525,8,train
15526,8,val
15527,8,train
15528,8,train
15529,8,train
15530,8,train
15531,8,train
15532,8,train
15533,8,train
15534,8,train
15535,8,train
15536,8,test
15537,8,train
15538,8,train
15539,8,val
15540,8,train
15541,8,test
15542,8,train
15543,8,train
15544,8,train
15545,8,train
15546,8,train
15547,8,train
15548,8,train
15549,8,train
15550,8,train
15551,8,val
15552,8,train
15553,8,train
15554,8,train
15555,8,test
15556,8,train
15557,8,train
15558,8,train
15559,8,train
15560,8,train
15561,8,train
15562,8,train
15563,8,train
15564,8,train
15565,8,test
15566,8,train
15567,8,train
15568,8,val
15569,8,train
15570,8,train
15571,8,test
15572,8,train
15573,8,train
15574,8,test
15575,8,train
15576,8,val
15577,8,train
15578,8,test
15579,8,train
15580,8,train
15581,8,train
15582,8,train
15583,8,train
15584,8,train
15585,8,test
15586,8,train
15587,8,train
15588,8,val
15589,8,val
15590,8,train
15591,8,train
15592,8,train
15593,8,train
15594,8,train
15595,8,train
15596,8,train
15597,8,test
15598,8,train
15599,8,test
15600,8,train
15601,8,val
15602,8,train
15603,8,train
15604,8,train
15605,8,train
15606,8,train
15607,8,train
15608,8,train
15609,8,test
15610,8,train
15611,8,train
15612,8,test
15613,8,train
15614,8,train
15615,8,train
15616,8,test
15617,8,test
15618,8,val
15619,8,train
15620,8,test
15621,8,train
15622,8,train
15623,8,train
15624,8,test
15625,8,test
15626,8,train
15627,8,test
15628,8,train
15629,8,train
15630,8,test
15631,8,test
15632,8,val
15633,8,train
15634,8,train
15635,8,train
15636,8,train
15637,8,train
15638,8,train
15639,8,train
15640,8,train
15641,8,train
15642,8,train
15643,8,val
15644,8,train
15645,8,train
15646,8,train
15647,8,train
15648,8,train
15649,8,train
15650,8,val
15651,8,val
15652,8,val
15653,8,val
15654,8,train
15655,8,val
15656,8,test
15657,8,train
15658,8,train
15659,8,val
15660,8,train
15661,8,train
15662,8,train
15663,8,val
15664,8,test
15665,8,test
15666,8,train
15667,8,train
15668,8,val
15669,8,train
15670,8,val
15671,8,train
15672,8,train
15673,8,train
15674,8,val
15675,8,train
15676,8,test
15677,8,test
15678,8,val
15679,8,train
15680,8,train
15681,8,train
15682,8,train
15683,8,train
15684,8,val
15685,8,train
15686,8,train
15687,8,train
15688,8,train
15689,8,test
15690,8,train
15691,8,test
15692,8,train
15693,8,train
15694,8,train
15695,8,train
15696,8,train
15697,8,train
15698,8,train
15699,8,train
15700,8,train
15701,8,train
15702,8,val
15703,8,val
15704,8,test
15705,8,train
15706,8,val
15707,8,train
15708,8,test
15709,8,train
15710,8,train
15711,8,train
15712,8,train
15713,8,train
15714,8,train
15715,8,train
15716,8,train
15717,8,train
15718,8,test
15719,8,test
15720,8,train
15721,8,train
15722,8,train
15723,8,train
15724,8,train
15725,8,train
15726,8,train
15727,8,val
15728,8,train
15729,8,test
15730,8,train
15731,8,train
15732,8,val
15733,8,train
15734,8,val
15735,8,train
15736,8,train
15737,8,train
15738,8,train
15739,8,train
15740,8,train
15741,8,val
15742,8,val
15743,8,train
15744,8,train
15745,8,train
15746,8,val
15747,8,val
15748,8,train
15749,8,test
15750,8,val
15751,8,train
15752,8,test
15753,8,train
15754,8,test
15755,8,val
15756,8,val
15757,8,test
15758,8,train
15759,8,train
15760,8,test
15761,8,train
15762,8,train
15763,8,train
15764,8,train
15765,8,val
15766,8,val
15767,8,val
15768,8,train
15769,8,train
15770,8,test
15771,8,train
15772,8,train
15773,8,train
15774,8,train
15775,8,test
15776,8,val
15777,8,train
15778,8,train
15779,8,val
15780,8,train
15781,8,train
15782,8,val
15783,8,train
15784,8,train
15785,8,train
15786,8,train
15787,8,train
15788,8,train
15789,8,train
15790,8,train
15791,8,test
15792,8,train
15793,8,train
15794,8,test
15795,8,test
15796,8,test
15797,8,train
15798,8,train
15799,8,train
15800,8,val
15801,8,train
15802,8,train
15803,8,train
15804,8,val
15805,8,train
15806,8,test
15807,8,train
15808,8,train
15809,8,train
15810,8,train
15811,8,train
15812,8,train
15813,8,train
15814,8,val
15815,8,train
15816,8,train
15817,8,train
15818,8,train
15819,8,val
15820,8,train
15821,8,test
15822,8,train
15823,8,train
15824,8,train
15825,8,train
15826,8,train
15827,8,test
15828,8,test
15829,8,train
15830,8,train
15831,8,train
15832,8,val
15833,8,train
15834,8,val
15835,8,test
15836,8,train
15837,8,test
15838,8,train
15839,8,test
15840,8,train
15841,8,test
15842,8,train
15843,8,train
15844,8,train
15845,8,train
15846,8,test
15847,8,train
15848,8,train
15849,8,train
15850,8,train
15851,8,val
15852,8,train
15853,8,test
15854,8,train
15855,8,train
15856,8,train
15857,8,train
15858,8,train
15859,8,test
15860,8,train
15861,8,test
15862,8,test
15863,9,test
15864,9,train
15865,9,train
15866,9,train
15867,9,train
15868,9,train
15869,9,train
15870,9,train
15871,9,train
15872,9,test
15873,9,train
15874,9,val
15875,9,train
15876,9,train
15877,9,test
15878,9,train
15879,9,test
15880,9,train
15881,9,train
15882,9,train
15883,9,train
15884,9,val
15885,9,val
15886,9,train
15887,9,train
15888,9,train
15889,9,train
15890,9,train
15891,9,train
15892,9,val
15893,9,test
15894,9,test
15895,9,train
15896,9,train
15897,9,train
15898,9,train
15899,9,test
15900,9,val
15901,9,test
15902,9,train
15903,9,train
15904,9,val
15905,9,train
15906,9,train
15907,9,train
15908,9,test
15909,9,train
15910,9,train
15911,9,test
15912,9,train
15913,9,train
15914,9,train
15915,9,train
15916,9,train
15917,9,train
15918,9,test
15919,9,train
15920,9,test
15921,9,train
15922,9,train
15923,9,val
15924,9,train
15925,9,train
15926,9,train
15927,9,train
15928,9,train
15929,9,train
15930,9,val
15931,9,train
15932,9,train
15933,9,train
15934,9,val
15935,9,train
15936,9,train
15937,9,train
15938,9,train
15939,9,test
15940,9,test
15941,9,train
15942,9,train
15943,9,train
15944,9,test
15945,9,train
15946,9,val
15947,9,test
15948,9,train
15949,9,val
15950,9,train
15951,9,val
15952,9,val
15953,9,train
15954,9,val
15955,9,train
15956,9,train
15957,9,test
15958,9,train
15959,9,train
15960,9,train
15961,9,train
15962,9,train
15963,9,val
15964,9,train
15965,9,val
15966,9,train
15967,9,val
15968,9,train
15969,9,train
15970,9,val
15971,9,test
15972,9,train
15973,9,val
15974,9,test
15975,9,test
15976,9,train
15977,9,train
15978,9,test
15979,9,test
15980,9,train
15981,9,train
15982,9,train
15983,9,train
15984,9,val
15985,9,val
15986,9,train
15987,9,train
15988,9,train
15989,9,train
15990,9,val
15991,9,val
15992,9,train
15993,9,test
15994,9,train
15995,9,train
15996,9,val
15997,9,train
15998,9,train
15999,9,train
16000,9,train
16001,9,train
16002,9,train
16003,9,train
16004,9,train
16005,9,train
16006,9,train
16007,9,train
16008,9,train
16009,9,train
16010,9,test
16011,9,train
16012,9,test
16013,9,test
16014,9,train
16015,9,val
16016,9,train
16017,9,train
16018,9,test
16019,9,train
16020,9,train
16021,9,train
16022,9,train
16023,9,test
16024,9,test
16025,9,train
16026,9,train
16027,9,val
16028,9,train
16029,9,train
16030,9,train
16031,9,test
16032,9,train
16033,9,train
16034,9,val
16035,9,train
16036,9,train
16037,9,train
16038,9,train
16039,9,val
16040,9,train
16041,9,train
16042,9,train
16043,9,val
16044,9,train
16045,9,val
16046,9,train
16047,9,train
16048,9,test
16049,9,train
16050,9,val
16051,9,train
16052,9,train
16053,9,train
16054,9,test
16055,9,test
16056,9,train
16057,9,train
16058,9,train
16059,9,train
16060,9,train
16061,9,train
16062,9,train
16063,9,train
16064,9,val
16065,9,train
16066,9,train
16067,9,train
16068,9,val
16069,9,train
16070,9,train
16071,9,test
16072,9,train
16073,9,train
16074,9,train
16075,9,train
16076,9,train
16077,9,val
16078,9,test
16079,9,test
16080,9,train
16081,9,train
16082,9,test
16083,9,train
16084,9,test
16085,9,train
16086,9,val
16087,9,train
16088,9,train
16089,9,train
16090,9,test
16091,9,train
16092,9,train
16093,9,test
16094,9,val
16095,9,train
16096,9,train
16097,9,train
16098,9,val
16099,9,train
16100,9,train
16101,9,train
16102,9,train
16103,9,train
16104,9,train
16105,9,train
16106,9,val
16107,9,train
16108,9,train
16109,9,train
16110,9,train
16111,9,train
16112,9,test
16113,9,val
16114,9,train
16115,9,train
16116,9,test
16117,9,train
16118,9,train
16119,9,train
16120,9,val
16121,9,test
16122,9,train
16123,9,train
16124,9,test
16125,9,test
16126,9,train
16127,9,train
16128,9,train
16129,9,train
16130,9,train
16131,9,train
16132,9,test
16133,9,train
16134,9,train
16135,9,test
16136,9,train
16137,9,train
16138,9,train
16139,9,train
16140,9,test
16141,9,test
16142,9,train
16143,9,train
16144,9,val
16145,9,train
16146,9,test
16147,9,test
16148,9,train
16149,9,train
16150,9,val
16151,9,train
16152,9,train
16153,9,val
16154,9,train
16155,9,train
16156,9,train
16157,9,test
16158,9,val
16159,9,train
16160,9,train
16161,9,train
16162,9,val
16163,9,train
16164,9,val
16165,9,test
16166,9,train
16167,9,train
16168,9,train
16169,9,train
16170,9,test
16171,9,train
16172,9,train
16173,9,train
16174,9,train
16175,9,train
16176,9,val
16177,9,train
16178,9,test
16179,9,train
16180,9,train
16181,9,test
16182,9,train
16183,9,val
16184,9,train
16185,9,val
16186,9,test
16187,9,train
16188,9,train
16189,9,val
16190,9,train
16191,9,test
16192,9,train
16193,9,test
16194,9,test
16195,9,test
16196,9,train
16197,9,train
16198,9,train
16199,9,train
16200,9,train
16201,9,train
16202,9,train
16203,9,train
16204,9,val
16205,9,val
16206,9,train
16207,9,train
16208,9,train
16209,9,train
16210,9,train
16211,9,train
16212,9,train
16213,9,train
16214,9,train
16215,9,train
16216,9,train
16217,9,train
16218,9,train
16219,9,train
16220,9,train
16221,9,val
16222,9,train
16223,9,train
16224,9,train
16225,9,test
16226,9,train
16227,9,train
16228,9,val
16229,9,train
16230,9,train
16231,9,train
16232,9,train
16233,9,train
16234,9,test
16235,9,train
16236,9,train
16237,9,train
16238,9,train
16239,9,train
16240,9,train
16241,9,train
16242,9,test
16243,9,test
16244,9,train
16245,9,train
16246,9,val
16247,9,train
16248,9,train
16249,9,train
16250,9,train
16251,9,train
16252,9,val
16253,9,train
16254,9,val
16255,9,test
16256,9,test
16257,9,train
16258,9,train
16259,9,train
16260,9,train
16261,9,test
16262,9,val
16263,9,test
16264,9,train
16265,9,train
16266,9,val
16267,9,train
16268,9,val
16269,9,train
16270,9,train
16271,9,val
16272,9,test
16273,9,train
16274,9,train
16275,9,train
16276,9,train
16277,9,train
16278,9,train
16279,9,train
16280,9,train
16281,9,train
16282,9,train
16283,9,test
16284,9,val
16285,9,train
16286,9,train
16287,9,train
16288,9,train
16289,9,test
16290,9,train
16291,9,train
16292,9,train
16293,9,train
16294,9,train
16295,9,val
16296,9,test
16297,9,val
16298,9,train
16299,9,train
16300,9,test
16301,9,train
16302,9,train
16303,9,val
16304,9,val
16305,9,train
16306,9,train
16307,9,val
16308,9,test
16309,9,train
16310,9,test
16311,9,train
16312,9,train
16313,9,train
16314,9,train
16315,9,train
16316,9,train
16317,9,train
16318,9,test
16319,9,train
16320,9,train
16321,9,train
16322,9,val
16323,9,train
16324,9,train
16325,9,train
16326,9,train
16327,9,test
16328,9,train
16329,9,train
16330,9,test
16331,9,val
16332,9,train
16333,9,train
16334,9,train
16335,9,train
16336,9,train
16337,9,train
16338,9,train
16339,9,val
16340,9,train
16341,9,train
16342,9,val
16343,9,train
16344,9,train
16345,9,train
16346,9,train
16347,9,train
16348,9,val
16349,9,train
16350,9,train
16351,9,train
16352,9,train
16353,9,train
16354,9,train
16355,9,test
16356,9,train
16357,9,train
16358,9,test
16359,9,test
16360,9,train
16361,9,train
16362,9,val
16363,9,train
16364,9,train
16365,9,val
16366,9,test
16367,9,train
16368,9,val
16369,9,train
16370,9,test
16371,9,train
16372,9,train
16373,9,test
16374,9,train
16375,9,val
16376,9,val
16377,9,val
16378,9,train
16379,9,val
16380,9,train
16381,9,train
16382,9,train
16383,9,train
16384,9,train
16385,9,val
16386,9,train
16387,9,train
16388,9,train
16389,9,train
16390,9,test
16391,9,train
16392,9,train
16393,9,train
16394,9,val
16395,9,train
16396,9,train
16397,9,train
16398,9,train
16399,9,train
16400,9,train
16401,9,train
16402,9,train
16403,9,train
16404,9,train
16405,9,train
16406,9,test
16407,9,train
16408,9,val
16409,9,train
16410,9,train
16411,9,train
16412,9,train
16413,9,train
16414,9,test
16415,9,train
16416,9,train
16417,9,train
16418,9,train
16419,9,train
16420,9,train
16421,9,train
16422,9,train
16423,9,train
16424,9,train
16425,9,val
16426,9,val
16427,9,test
16428,9,train
16429,9,train
16430,9,train
16431,9,train
16432,9,train
16433,9,train
16434,9,train
16435,9,val
16436,9,train
16437,9,train
16438,9,val
16439,9,train
16440,9,train
16441,9,train
16442,9,train
16443,9,val
16444,9,test
16445,9,train
16446,9,train
16447,9,train
16448,9,train
16449,9,train
16450,9,train
16451,9,train
16452,9,train
16453,9,train
16454,9,train
16455,9,train
16456,9,train
16457,9,test
16458,9,val
16459,9,val
16460,9,train
16461,9,train
16462,9,train
16463,9,test
16464,9,val
16465,9,train
16466,9,val
16467,9,train
16468,9,train
16469,9,train
16470,9,train
16471,9,train
16472,9,train
16473,9,train
16474,9,val
16475,9,train
16476,9,test
16477,9,val
16478,9,train
16479,9,train
16480,9,train
16481,9,train
16482,9,train
16483,9,val
16484,9,train
16485,9,train
16486,9,train
16487,9,train
16488,9,train
16489,9,val
16490,9,train
16491,9,train
16492,9,train
16493,9,test
16494,9,train
16495,9,train
16496,9,train
16497,9,train
16498,9,train
16499,9,train
16500,9,train
16501,9,train
16502,9,train
16503,9,train
16504,9,train
16505,9,train
16506,9,train
16507,9,train
16508,9,test
16509,9,train
16510,9,train
16511,9,test
16512,9,train
16513,9,val
16514,9,val
16515,9,val
16516,9,train
16517,9,test
16518,9,train
16519,9,train
16520,9,train
16521,9,train
16522,9,train
16523,9,train
16524,9,train
16525,9,train
16526,9,train
16527,9,train
16528,9,train
16529,9,val
16530,9,train
16531,9,train
16532,9,train
16533,9,test
16534,9,train
16535,9,test
16536,9,train
16537,9,train
16538,9,train
16539,9,train
16540,9,val
16541,9,train
16542,9,test
16543,9,train
16544,9,train
16545,9,test
16546,9,test
16547,9,val
16548,9,train
16549,9,train
16550,9,train
16551,9,val
16552,9,train
16553,9,test
16554,9,train
16555,9,train
16556,9,train
16557,9,train
16558,9,train
16559,9,train
16560,9,train
16561,9,val
16562,9,train
16563,9,val
16564,9,train
16565,9,train
16566,9,train
16567,9,test
16568,9,train
16569,9,val
16570,9,train
16571,9,val
16572,9,test
16573,9,val
16574,9,train
16575,9,val
16576,9,train
16577,9,train
16578,9,train
16579,9,train
16580,9,train
16581,9,val
16582,9,train
16583,9,test
16584,9,test
16585,9,train
16586,9,val
16587,9,train
16588,9,test
16589,9,test
16590,9,train
16591,9,val
16592,9,train
16593,9,test
16594,9,test
16595,9,train
16596,9,train
16597,9,test
16598,9,test
16599,9,val
16600,9,test
16601,9,train
16602,9,val
16603,9,train
16604,9,train
16605,9,train
16606,9,test
16607,9,train
16608,9,train
16609,9,train
16610,9,train
16611,9,train
16612,9,train
16613,9,train
16614,9,train
16615,9,train
16616,9,test
16617,9,train
16618,9,test
16619,9,train
16620,9,test
16621,9,train
16622,9,test
16623,9,train
16624,9,train
16625,9,train
16626,9,train
16627,9,test
16628,9,test
16629,9,train
16630,9,train
16631,9,train
16632,9,train
16633,9,val
16634,9,train
16635,9,train
16636,9,train
16637,9,val
16638,9,val
16639,9,train
16640,9,train
16641,9,train
16642,9,test
16643,9,val
16644,9,train
16645,9,test
16646,9,val
16647,9,train
16648,9,train
16649,9,train
16650,9,train
16651,9,train
16652,9,test
16653,9,train
16654,9,test
16655,9,train
16656,9,train
16657,9,train
16658,9,train
16659,9,test
16660,9,train
16661,9,train
16662,9,train
16663,9,val
16664,9,train
16665,9,train
16666,9,test
16667,9,train
16668,9,train
16669,9,train
16670,9,train
16671,9,train
16672,9,test
16673,9,train
16674,9,train
16675,9,val
16676,9,train
16677,9,train
16678,9,train
16679,9,train
16680,9,train
16681,9,train
16682,9,val
16683,9,train
16684,9,train
16685,9,train
16686,9,train
16687,9,val
16688,9,val
16689,9,train
16690,9,val
16691,9,val
16692,9,test
16693,9,train
16694,9,train
16695,9,train
16696,9,val
16697,9,test
16698,9,test
16699,9,val
16700,9,train
16701,9,train
16702,9,train
16703,9,val
16704,9,test
16705,9,val
16706,9,train
16707,9,train
16708,9,train
16709,9,test
16710,9,train
16711,9,train
16712,9,train
16713,9,train
16714,9,train
16715,9,train
16716,9,train
16717,9,test
16718,9,test
16719,9,train
16720,9,val
16721,9,train
16722,9,train
16723,9,val
16724,9,train
16725,9,train
16726,9,val
16727,9,test
16728,9,train
16729,9,train
16730,9,train
16731,9,train
16732,9,train
16733,9,val
16734,9,train
16735,9,val
16736,9,train
16737,9,train
16738,9,train
16739,9,test
16740,9,train
16741,9,val
16742,9,train
16743,9,train
16744,9,train
16745,9,train
16746,9,test
16747,9,train
16748,9,train
16749,9,train
16750,9,train
16751,9,train
16752,9,train
16753,9,train
16754,9,val
16755,9,test
16756,9,train
16757,9,val
16758,9,train
16759,9,test
16760,9,val
16761,9,test
16762,9,train
16763,9,val
16764,9,train
16765,9,train
16766,9,train
16767,9,train
16768,9,train
16769,9,train
16770,9,train
16771,9,train
16772,9,test
16773,9,train
16774,9,train
16775,9,train
16776,9,train
16777,9,test
16778,9,train
16779,9,train
16780,9,train
16781,9,train
16782,9,train
16783,9,val
16784,9,test
16785,9,train
16786,9,train
16787,9,test
16788,9,train
16789,9,train
16790,9,train
16791,9,train
16792,9,train
16793,9,train
16794,9,train
16795,9,train
16796,9,train
16797,9,train
16798,9,train
16799,9,train
16800,9,val
16801,9,train
16802,9,train
16803,9,train
16804,9,train
16805,9,train
16806,9,val
16807,9,train
16808,9,train
16809,9,train
16810,9,train
16811,9,train
16812,9,val
16813,9,train
16814,9,train
16815,9,train
16816,9,train
16817,9,test
16818,9,train
16819,9,train
16820,9,train
16821,9,train
16822,9,val
16823,9,val
16824,9,train
16825,9,test
16826,9,train
16827,9,train
16828,9,train
16829,9,train
16830,9,val
16831,9,train
16832,9,val
16833,9,train
16834,9,train
16835,9,train
16836,9,val
16837,9,train
16838,9,train
16839,9,test
16840,9,test
16841,9,train
16842,9,test
16843,9,train
16844,9,train
16845,9,test
16846,9,train
16847,9,train
16848,9,train
16849,9,train
16850,9,train
16851,9,train
16852,9,val
16853,9,train
16854,9,train
16855,9,train
16856,9,test
16857,9,train
16858,9,train
16859,9,train
16860,9,train
16861,9,test
16862,9,train
16863,9,test
16864,9,train
16865,9,val
16866,9,val
16867,9,val
16868,9,val
16869,9,train
16870,9,train
16871,9,val
16872,9,train
16873,9,test
16874,9,train
16875,9,val
16876,9,val
16877,9,train
16878,9,train
16879,9,train
16880,9,test
16881,9,val
16882,9,train
16883,9,train
16884,9,test
16885,9,train
16886,9,train
16887,9,train
16888,9,test
16889,9,train
16890,9,train
16891,9,train
16892,9,train
16893,9,train
16894,9,train
16895,9,train
16896,9,train
16897,9,val
16898,9,train
16899,9,test
16900,9,train
16901,9,train
16902,9,train
16903,9,train
16904,9,train
16905,9,train
16906,9,train
16907,9,train
16908,9,train
16909,9,test
16910,9,val
16911,9,train
16912,9,train
16913,9,train
16914,9,train
16915,9,train
16916,9,train
16917,9,train
16918,9,test
16919,9,train
16920,9,test
16921,9,train
16922,9,test
16923,9,val
16924,9,train
16925,9,train
16926,9,train
16927,9,train
16928,9,train
16929,9,train
16930,9,test
16931,9,train
16932,9,train
16933,9,val
16934,9,train
16935,9,train
16936,9,train
16937,9,train
16938,9,train
16939,9,val
16940,9,train
16941,9,train
16942,9,train
16943,9,train
16944,9,train
16945,9,train
16946,9,train
16947,9,train
16948,9,train
16949,9,train
16950,9,train
16951,9,train
16952,9,train
16953,9,train
16954,9,train
16955,9,train
16956,9,train
16957,9,train
16958,9,train
16959,9,train
16960,9,train
16961,9,train
16962,9,train
16963,9,val
16964,9,train
16965,9,test
16966,9,test
16967,9,train
16968,9,val
16969,9,train
16970,9,train
16971,9,val
16972,9,train
16973,9,test
16974,9,train
16975,9,test
16976,9,train
16977,9,train
16978,9,train
16979,9,train
16980,9,train
16981,9,train
16982,9,val
16983,9,train
16984,9,train
16985,9,train
16986,9,train
16987,9,val
16988,9,train
16989,9,val
16990,9,train
16991,9,train
16992,9,train
16993,9,val
16994,9,val
16995,9,test
16996,9,test
16997,9,train
16998,9,train
16999,9,train
17000,9,train
17001,9,train
17002,9,train
17003,9,train
17004,9,train
17005,9,train
17006,9,test
17007,9,test
17008,9,train
17009,9,val
17010,9,train
17011,9,train
17012,9,val
17013,9,val
17014,9,train
17015,9,train
17016,9,train
17017,9,train
17018,9,test
17019,9,val
17020,9,val
17021,9,val
17022,9,train
17023,9,val
17024,9,test
17025,9,val
17026,9,val
17027,9,train
17028,9,train
17029,9,test
17030,9,train
17031,9,train
17032,9,train
17033,9,train
17034,9,train
17035,9,val
17036,9,train
17037,9,train
17038,9,test
17039,9,train
17040,9,train
17041,9,train
17042,9,test
17043,9,test
17044,9,val
17045,9,train
17046,9,train
17047,9,train
17048,9,train
17049,9,train
17050,9,train
17051,9,train
17052,9,test
17053,9,test
17054,9,train
17055,9,test
17056,9,train
17057,9,train
17058,9,train
17059,9,test
17060,9,test
17061,9,val
17062,9,train
17063,9,train
17064,9,test
17065,9,train
17066,9,train
17067,9,val
17068,9,train
17069,9,train
17070,9,train
17071,9,train
17072,9,train
17073,9,train
17074,9,train
17075,9,train
17076,9,train
17077,9,train
17078,9,train
17079,9,train
17080,9,test
17081,9,train
17082,9,train
17083,9,val
17084,9,train
17085,9,test
17086,9,train
17087,9,train
17088,9,train
17089,9,test
17090,9,train
17091,9,train
17092,9,train
17093,9,train
17094,9,train
17095,9,train
17096,9,train
17097,9,val
17098,9,train
17099,9,train
17100,9,train
17101,9,test
17102,9,train
17103,9,train
17104,9,val
17105,9,train
17106,9,test
17107,9,train
17108,9,train
17109,9,train
17110,9,train
17111,9,train
17112,9,test
17113,9,train
17114,9,test
17115,9,test
17116,9,test
17117,9,train
17118,9,test
17119,9,test
17120,9,val
17121,9,train
17122,9,train
17123,9,test
17124,9,train
17125,9,train
17126,9,train
17127,9,val
17128,9,train
17129,9,train
17130,9,test
17131,9,train
17132,9,test
17133,9,train
17134,9,train
17135,9,train
17136,9,test
17137,9,test
17138,9,train
17139,9,test
17140,9,train
17141,9,train
17142,9,train
17143,9,val
17144,9,val
17145,9,train
17146,9,train
17147,9,test
17148,9,train
17149,9,train
17150,9,train
17151,9,train
17152,9,train
17153,9,train
17154,9,val
17155,9,val
17156,9,train
17157,9,train
17158,9,train
17159,9,train
17160,9,train
17161,9,train
17162,9,train
17163,9,train
17164,9,train
17165,9,train
17166,9,train
17167,9,train
17168,9,train
17169,9,train
17170,9,train
17171,9,test
17172,9,train
17173,9,test
17174,9,train
17175,9,train
17176,9,train
17177,9,train
17178,9,train
17179,9,train
17180,9,val
17181,9,train
17182,9,train
17183,9,test
17184,9,train
17185,9,val
17186,9,train
17187,9,val
17188,9,train
17189,9,train
17190,9,train
17191,9,train
17192,9,train
17193,9,test
17194,9,train
17195,9,train
17196,9,train
17197,9,val
17198,9,val
17199,9,train
17200,9,train
17201,9,train
17202,9,val
17203,9,test
17204,9,train
17205,9,train
17206,9,test
17207,9,train
17208,9,train
17209,9,train
17210,9,train
17211,9,val
17212,9,train
17213,9,train
17214,9,train
17215,9,train
17216,9,train
17217,9,train
17218,9,train
17219,9,val
17220,9,train
17221,9,test
17222,9,train
17223,9,train
17224,9,train
17225,9,train
17226,9,test
17227,9,test
17228,9,test
17229,9,train
17230,9,train
17231,9,val
17232,9,train
17233,9,train
17234,9,train
17235,9,train
17236,9,train
17237,9,test
17238,9,val
17239,9,train
17240,9,train
17241,9,val
17242,9,train
17243,9,train
17244,9,val
17245,9,val
17246,9,train
17247,9,train
17248,9,train
17249,9,test
17250,9,train
17251,9,test
17252,9,val
17253,9,val
17254,9,train
17255,9,train
17256,9,train
17257,9,val
17258,9,test
17259,9,train
17260,9,train
17261,9,train
17262,9,train
17263,9,train
17264,9,test
17265,9,train
17266,9,train
17267,9,val
17268,9,val
17269,9,train
17270,9,val
17271,9,train
17272,9,val
17273,9,train
17274,9,val
17275,9,test
17276,9,train
17277,9,train
17278,9,train
17279,9,train
17280,9,train
17281,9,train
17282,9,train
17283,9,train
17284,9,train
17285,9,train
17286,9,train
17287,9,train
17288,9,test
17289,9,train
17290,9,test
17291,9,train
17292,9,train
17293,9,val
17294,9,train
17295,9,train
17296,9,train
17297,9,train
17298,9,train
17299,9,val
17300,9,val
17301,9,train
17302,9,train
17303,9,train
17304,9,train
17305,9,train
17306,9,train
17307,9,train
17308,9,val
17309,9,train
17310,9,val
17311,9,test
17312,9,train
17313,9,train
17314,9,train
17315,9,train
17316,9,val
17317,9,train
17318,9,test
17319,9,train
17320,9,train
17321,9,train
17322,9,train
17323,9,train
17324,9,train
17325,9,train
17326,9,train
17327,9,train
17328,9,train
17329,9,train
17330,9,train
17331,9,train
17332,9,train
17333,9,train
17334,9,val
17335,9,train
17336,9,train
17337,9,val
17338,9,test
17339,9,train
17340,9,train
17341,9,train
17342,9,train
17343,9,train
17344,9,test
17345,9,train
17346,9,train
17347,9,val
17348,9,train
17349,9,val
17350,9,train
17351,9,train
17352,9,val
17353,9,train
17354,9,train
17355,9,train
17356,9,val
17357,9,test
17358,9,train
17359,9,test
17360,9,train
17361,9,test
17362,9,train
17363,9,test
17364,9,val
17365,9,val
17366,9,train
17367,9,train
17368,9,val
17369,9,val
17370,9,test
17371,9,val
17372,9,train
17373,9,train
17374,9,train
17375,9,train
17376,9,test
17377,9,train
17378,9,train
17379,9,train
17380,9,train
17381,9,train
17382,9,train
17383,9,train
17384,9,train
17385,9,train
17386,9,train
17387,9,train
17388,9,train
17389,9,train
17390,9,train
17391,9,train
17392,9,test
17393,9,train
17394,9,train
17395,9,train
17396,9,train
17397,9,train
17398,9,train
17399,9,train
17400,9,val
17401,9,train
17402,9,train
17403,9,val
17404,9,train
17405,9,val
17406,9,test
17407,9,val
17408,9,test
17409,9,val
17410,9,train
17411,9,train
17412,9,train
17413,9,test
17414,9,val
17415,9,val
17416,9,test
17417,9,train
17418,9,test
17419,9,test
17420,9,val
17421,9,train
17422,9,test
17423,9,val
17424,9,train
17425,9,train
17426,9,test
17427,9,train
17428,9,test
17429,9,train
17430,9,train
17431,9,train
17432,9,train
17433,9,train
17434,9,val
17435,9,train
17436,9,val
17437,9,test
17438,9,train
17439,9,train
17440,9,train
17441,9,train
17442,9,train
17443,9,train
17444,9,train
17445,9,train
17446,9,train
17447,9,train
17448,9,val
17449,9,val
17450,9,train
17451,9,train
17452,9,test
17453,9,train
17454,9,train
17455,9,train
17456,9,val
17457,9,test
17458,9,train
17459,9,val
17460,9,train
17461,9,train
17462,9,test
17463,9,train
17464,9,test
17465,9,test
17466,9,test
17467,9,train
17468,9,train
17469,9,test
17470,9,val
17471,9,train
17472,9,train
17473,9,train
17474,9,train
17475,9,val
17476,9,test
17477,9,train
17478,9,train
17479,9,val
17480,9,train
17481,9,train
17482,9,test
17483,9,train
17484,9,train
17485,9,train
17486,9,train
17487,9,train
17488,9,val
17489,9,train
17490,9,train
17491,9,val
17492,9,train
17493,9,train
17494,9,train
17495,9,train
17496,9,train
17497,9,train
17498,9,train
17499,9,test
17500,9,train
17501,9,train
17502,9,train
17503,9,val
17504,9,train
17505,9,train
17506,9,train
17507,9,train
17508,9,train
17509,9,train
17510,9,train
17511,9,test
17512,9,train
17513,9,train
17514,9,test
17515,9,train
17516,9,train
17517,9,train
17518,9,train
17519,9,train
17520,9,train
17521,9,val
17522,9,test
17523,9,train
17524,9,test
17525,9,train
17526,9,test
17527,9,train
17528,9,val
17529,9,train
17530,9,val
17531,9,train
17532,9,train
17533,9,val
17534,9,train
17535,9,train
17536,9,train
17537,9,train
17538,9,test
17539,9,train
17540,9,test
17541,9,train
17542,9,train
17543,9,train
17544,9,train
17545,9,train
17546,9,train
17547,9,train
17548,9,train
17549,9,train
17550,9,train
17551,9,train
17552,9,test
17553,9,train
17554,9,train
17555,9,train
17556,9,train
17557,9,train
17558,9,train
17559,9,train
17560,9,train
17561,9,test
17562,9,train
17563,9,train
17564,9,train
17565,9,train
17566,9,train
17567,9,train
17568,9,val
17569,9,val
17570,9,train
17571,9,train
17572,9,test
17573,9,train
17574,9,train
17575,9,train
17576,9,train
17577,9,val
17578,9,train
17579,9,train
17580,9,val
17581,9,train
17582,9,train
17583,9,train
17584,9,test
17585,9,train
17586,9,train
17587,9,test
17588,9,test
17589,9,train
17590,9,val
17591,9,train
17592,9,test
17593,9,val
17594,9,train
17595,9,val
17596,9,val
17597,9,train
17598,9,train
17599,9,train
17600,9,train
17601,9,train
17602,9,test
17603,9,train
17604,9,train
17605,9,train
17606,9,train
17607,9,val
17608,9,train
17609,9,train
17610,9,val
17611,9,val
17612,9,train
17613,9,test
17614,9,train
17615,9,test
17616,9,train
17617,9,val
17618,9,train
17619,9,train
17620,9,train
17621,9,test
17622,9,train
17623,9,train
17624,9,train
17625,9,train
17626,9,train
17627,9,train
17628,9,train
17629,9,train
17630,9,val
17631,9,train
17632,9,train
17633,9,train
17634,9,train
17635,9,train
17636,9,test
17637,9,train
17638,9,val
17639,9,train
17640,9,val
17641,9,train
17642,9,train
17643,9,train
17644,9,test
17645,9,train
17646,9,test
17647,9,train
17648,9,test
17649,9,train
17650,9,train
17651,9,train
17652,9,val
17653,9,test
17654,9,train
17655,9,train
17656,9,test
17657,9,train
17658,9,train
17659,9,val
17660,9,train
17661,9,train
17662,9,train
17663,9,train
17664,9,train
17665,9,train
17666,9,train
17667,9,test
17668,9,train
17669,9,train
17670,9,test
17671,9,test
17672,9,test
17673,9,train
17674,9,train
17675,9,train
17676,9,test
17677,9,train
17678,9,train
17679,9,train
17680,9,train
17681,9,train
17682,9,train
17683,9,train
17684,9,val
17685,9,train
17686,9,train
17687,9,val
17688,9,train
17689,9,train
17690,9,train
17691,9,train
17692,9,val
17693,9,train
17694,9,train
17695,9,train
17696,9,train
17697,9,train
17698,9,val
17699,9,train
17700,9,test
17701,9,val
17702,9,train
17703,9,train
17704,9,train
17705,9,train
17706,9,val
17707,9,train
17708,9,train
17709,9,train
17710,9,train
17711,9,val
17712,9,train
17713,9,train
17714,9,train
17715,9,train
17716,9,train
17717,9,train
17718,9,val
17719,9,train
17720,9,train
17721,9,train
17722,9,train
17723,9,val
17724,9,train
17725,9,train
17726,9,train
17727,9,train
17728,9,train
17729,9,train
17730,9,train
17731,9,train
17732,9,train
17733,9,train
17734,9,train
17735,9,train
